v5_1_id,source_row,domain,feature,description,implementation_directive,source_checkbox,v5_1_phase,v5_1_priority,v5_1_repo,backend_status,frontend_status,integration_status,e2e_status,product_accessibility,overall_status,product_value,launch_dependency,technical_dependencies,risk,effort,missing,recommended_wave,evidence_backend,evidence_frontend,evidence_tests
V51-001,2,Auth & comptes,Inscription utilisateur,"Créer un compte avec prénom, nom, email, mot de passe et rôle principal.","Valider DTO, hash bcrypt 12, refuser rôles sensibles, envoyer email de vérification.",☐,MVP,Critique,API/Web,BACKEND_COMPLETE,FRONTEND_COMPLETE,PARTIALLY_INTEGRATED,E2E_PARTIAL,ROLE_ACCESSIBLE,PARTIAL,CRITICAL,BLOCKER,API-owned HTTP-only session; transactional email delivery for verification/reset paths,HIGH,M,External verification-email delivery and a complete browser registration chain are not proven.,G — Account lifecycle & settings,src/modules/auth/auth.controller.ts; src/modules/auth/auth.service.ts; src/modules/auth/user.schema.ts,src/app/(auth); src/features/auth; src/contexts/AuthContext.tsx,src/modules/auth/*.spec.ts; e2e/functional/auth.spec.ts; e2e/functional/zz-session-cycle.spec.ts
V51-002,3,Auth & comptes,Connexion utilisateur,Authentifier l’utilisateur et créer une session sécurisée.,Retourner access token court et refresh token httpOnly.,☐,MVP,Critique,API/Web,BACKEND_COMPLETE,FRONTEND_COMPLETE,INTEGRATED,E2E_COMPLETE,ROLE_ACCESSIBLE,IMPLEMENTED,CRITICAL,BLOCKER,API-owned HTTP-only session; transactional email delivery for verification/reset paths,HIGH,N/A,None material for the v5.1 row as scoped.,Maintenance only,src/modules/auth/auth.controller.ts; src/modules/auth/auth.service.ts; src/modules/auth/user.schema.ts,src/app/(auth); src/features/auth; src/contexts/AuthContext.tsx,src/modules/auth/*.spec.ts; e2e/functional/auth.spec.ts; e2e/functional/zz-session-cycle.spec.ts
V51-003,4,Auth & comptes,Refresh token,Renouveler l’access token via cookie sécurisé.,"Vérifier refresh token hashé, rotation si possible, SameSite Strict.",☐,MVP,Critique,API/Web,BACKEND_COMPLETE,FRONTEND_COMPLETE,INTEGRATED,E2E_COMPLETE,ROLE_ACCESSIBLE,IMPLEMENTED,CRITICAL,BLOCKER,API-owned HTTP-only session; transactional email delivery for verification/reset paths,HIGH,N/A,None material for the v5.1 row as scoped.,Maintenance only,src/modules/auth/auth.controller.ts; src/modules/auth/auth.service.ts; src/modules/auth/user.schema.ts,src/app/(auth); src/features/auth; src/contexts/AuthContext.tsx,src/modules/auth/*.spec.ts; e2e/functional/auth.spec.ts; e2e/functional/zz-session-cycle.spec.ts
V51-004,5,Auth & comptes,Déconnexion,Révoquer la session active.,Supprimer cookie et invalider refreshTokenHash.,☐,MVP,Critique,API/Web,BACKEND_COMPLETE,FRONTEND_COMPLETE,INTEGRATED,E2E_COMPLETE,ROLE_ACCESSIBLE,IMPLEMENTED,CRITICAL,BLOCKER,API-owned HTTP-only session; transactional email delivery for verification/reset paths,HIGH,N/A,None material for the v5.1 row as scoped.,Maintenance only,src/modules/auth/auth.controller.ts; src/modules/auth/auth.service.ts; src/modules/auth/user.schema.ts,src/app/(auth); src/features/auth; src/contexts/AuthContext.tsx,src/modules/auth/*.spec.ts; e2e/functional/auth.spec.ts; e2e/functional/zz-session-cycle.spec.ts
V51-005,6,Auth & comptes,Profil connecté /me,Retourner l’utilisateur connecté et ses rôles actifs.,Exposer uniquement champs publics nécessaires.,☐,MVP,Critique,API/Web,BACKEND_COMPLETE,FRONTEND_COMPLETE,INTEGRATED,E2E_COMPLETE,ROLE_ACCESSIBLE,IMPLEMENTED,CRITICAL,BLOCKER,API-owned HTTP-only session; transactional email delivery for verification/reset paths,HIGH,N/A,None material for the v5.1 row as scoped.,Maintenance only,src/modules/auth/auth.controller.ts; src/modules/auth/auth.service.ts; src/modules/auth/user.schema.ts,src/app/(auth); src/features/auth; src/contexts/AuthContext.tsx,src/modules/auth/*.spec.ts; e2e/functional/auth.spec.ts; e2e/functional/zz-session-cycle.spec.ts
V51-006,7,Auth & comptes,Vérification email,Activer le compte via lien de vérification.,"Token expirant 24h, usage unique, message frontend clair.",☐,MVP,Critique,API/Web,BACKEND_COMPLETE,FRONTEND_COMPLETE,PARTIALLY_INTEGRATED,E2E_PARTIAL,ROLE_ACCESSIBLE,PARTIAL,CRITICAL,BLOCKER,API-owned HTTP-only session; transactional email delivery for verification/reset paths,HIGH,M,External delivery is unverified and there is no full browser E2E from received email to verified session.,G — Account lifecycle & settings,src/modules/auth/auth.controller.ts; src/modules/auth/auth.service.ts; src/modules/auth/user.schema.ts,src/app/(auth); src/features/auth; src/contexts/AuthContext.tsx,src/modules/auth/*.spec.ts; e2e/functional/auth.spec.ts; e2e/functional/zz-session-cycle.spec.ts
V51-007,8,Auth & comptes,Renvoi email de vérification,Permettre le renvoi du lien de vérification.,"Limiter le débit, éviter énumération email.",☐,MVP,Critique,API/Web,BACKEND_COMPLETE,FRONTEND_COMPLETE,PARTIALLY_INTEGRATED,UNIT_ONLY,ROLE_ACCESSIBLE,PARTIAL,HIGH,DESIRABLE,API-owned HTTP-only session; transactional email delivery for verification/reset paths,LOW,M,"No browser E2E proves resend, external delivery and link consumption.",G — Account lifecycle & settings,src/modules/auth/auth.controller.ts; src/modules/auth/auth.service.ts; src/modules/auth/user.schema.ts,src/app/(auth); src/features/auth; src/contexts/AuthContext.tsx,src/modules/auth/*.spec.ts; e2e/functional/auth.spec.ts; e2e/functional/zz-session-cycle.spec.ts
V51-008,9,Auth & comptes,Mot de passe oublié,Envoyer un lien de réinitialisation.,"Rate limit strict, token expirant 1h.",☐,MVP,Critique,API/Web,BACKEND_COMPLETE,FRONTEND_COMPLETE,PARTIALLY_INTEGRATED,UNIT_ONLY,ROLE_ACCESSIBLE,PARTIAL,CRITICAL,BLOCKER,API-owned HTTP-only session; transactional email delivery for verification/reset paths,HIGH,M,"The page and API exist, but delivery is not externally tested.",G — Account lifecycle & settings,src/modules/auth/auth.controller.ts; src/modules/auth/auth.service.ts; src/modules/auth/user.schema.ts,src/app/(auth); src/features/auth; src/contexts/AuthContext.tsx,src/modules/auth/*.spec.ts; e2e/functional/auth.spec.ts; e2e/functional/zz-session-cycle.spec.ts
V51-009,10,Auth & comptes,Réinitialisation mot de passe,Changer le mot de passe via token valide.,"Re-hasher, invalider token et refresh actifs.",☐,MVP,Critique,API/Web,BACKEND_COMPLETE,FRONTEND_COMPLETE,PARTIALLY_INTEGRATED,UNIT_ONLY,ROLE_ACCESSIBLE,PARTIAL,CRITICAL,BLOCKER,API-owned HTTP-only session; transactional email delivery for verification/reset paths,HIGH,M,"Reset works in code, but no browser E2E starts from a delivered email.",G — Account lifecycle & settings,src/modules/auth/auth.controller.ts; src/modules/auth/auth.service.ts; src/modules/auth/user.schema.ts,src/app/(auth); src/features/auth; src/contexts/AuthContext.tsx,src/modules/auth/*.spec.ts; e2e/functional/auth.spec.ts; e2e/functional/zz-session-cycle.spec.ts
V51-010,11,Auth & comptes,Gestion erreurs auth i18n,Utiliser des codes d’erreur stables côté API.,Retourner codes EN et traduire côté frontend.,☐,MVP,Critique,API/Web,BACKEND_COMPLETE,FRONTEND_PARTIAL,PARTIALLY_INTEGRATED,UNIT_ONLY,ROLE_ACCESSIBLE,PARTIAL,HIGH,DESIRABLE,API-owned HTTP-only session; transactional email delivery for verification/reset paths,LOW,M,Error handling remains French-first and mixed between message files and hard-coded strings.,G — Account lifecycle & settings,src/modules/auth/auth.controller.ts; src/modules/auth/auth.service.ts; src/modules/auth/user.schema.ts,src/app/(auth); src/features/auth; src/contexts/AuthContext.tsx,src/modules/auth/*.spec.ts; e2e/functional/auth.spec.ts; e2e/functional/zz-session-cycle.spec.ts
V51-011,12,Auth & comptes,Protection routes dashboard,Bloquer l’accès aux zones privées non authentifiées.,Middleware + requireAuth serveur + gestion redirection.,☐,MVP,Critique,API/Web,BACKEND_COMPLETE,FRONTEND_COMPLETE,INTEGRATED,E2E_COMPLETE,ROLE_ACCESSIBLE,IMPLEMENTED,CRITICAL,BLOCKER,API-owned HTTP-only session; transactional email delivery for verification/reset paths,HIGH,N/A,None material for the v5.1 row as scoped.,Maintenance only,src/modules/auth/auth.controller.ts; src/modules/auth/auth.service.ts; src/modules/auth/user.schema.ts,src/app/(auth); src/features/auth; src/contexts/AuthContext.tsx,src/modules/auth/*.spec.ts; e2e/functional/auth.spec.ts; e2e/functional/zz-session-cycle.spec.ts
V51-012,13,Auth & comptes,Rate limit auth spécifique,"Limiter login, forgot password et resend verification.",Configurer throttling fin par endpoint.,☐,MVP,Critique,API/Web,BACKEND_COMPLETE,FRONTEND_COMPLETE,INTEGRATED,E2E_COMPLETE,ROLE_ACCESSIBLE,IMPLEMENTED,CRITICAL,BLOCKER,API-owned HTTP-only session; transactional email delivery for verification/reset paths,HIGH,N/A,None material for the v5.1 row as scoped.,Maintenance only,src/modules/auth/auth.controller.ts; src/modules/auth/auth.service.ts; src/modules/auth/user.schema.ts,src/app/(auth); src/features/auth; src/contexts/AuthContext.tsx,src/modules/auth/*.spec.ts; e2e/functional/auth.spec.ts; e2e/functional/zz-session-cycle.spec.ts
V51-013,14,Rôles & permissions,Sélection rôle principal,"Choisir organisateur, prestataire, gestionnaire de lieu ou participant à l’inscription.",Exclure admin de l’inscription publique.,☐,MVP,Critique,API/Web,BACKEND_COMPLETE,FRONTEND_COMPLETE,INTEGRATED,E2E_COMPLETE,ROLE_ACCESSIBLE,IMPLEMENTED,CRITICAL,BLOCKER,Authenticated user roles; server guards; stable role routing,HIGH,N/A,None material for the v5.1 row as scoped.,Maintenance only,src/shared/decorators/roles.decorator.ts; src/shared/guards; modules events/vendors/venues,src/shared/layout/sidebar-nav.ts; src/shared/guards/RoleGuard.tsx,test/admin-authorization.e2e-spec.ts; e2e/functional/wave-a-mobile-roles.spec.ts; wave-a-role-journeys.spec.ts
V51-014,15,Rôles & permissions,Multi-rôles utilisateur,Un compte peut cumuler plusieurs rôles.,Stocker roles[] et construire permissions dynamiquement.,☐,MVP,Critique,API/Web,BACKEND_COMPLETE,FRONTEND_COMPLETE,INTEGRATED,E2E_COMPLETE,ROLE_ACCESSIBLE,IMPLEMENTED,HIGH,DESIRABLE,Authenticated user roles; server guards; stable role routing,LOW,N/A,None material for the v5.1 row as scoped.,Maintenance only,src/shared/decorators/roles.decorator.ts; src/shared/guards; modules events/vendors/venues,src/shared/layout/sidebar-nav.ts; src/shared/guards/RoleGuard.tsx,test/admin-authorization.e2e-spec.ts; e2e/functional/wave-a-mobile-roles.spec.ts; wave-a-role-journeys.spec.ts
V51-015,16,Rôles & permissions,Ajout nouveau rôle,Ajouter un rôle depuis les paramètres.,Créer endpoint contrôlé et onboarding associé.,☐,MVP,Critique,API/Web,BACKEND_ABSENT,FRONTEND_PLACEHOLDER,NOT_INTEGRATED,WEB_COMPONENT_ONLY,PLACEHOLDER,PLACEHOLDER,HIGH,DESIRABLE,Authenticated user roles; server guards; stable role routing,LOW,M,Pricing link is a placeholder and there is no endpoint that adds a role to an existing account.,G — Account lifecycle & settings,src/shared/decorators/roles.decorator.ts; src/shared/guards; modules events/vendors/venues,src/shared/layout/sidebar-nav.ts; src/shared/guards/RoleGuard.tsx,test/admin-authorization.e2e-spec.ts; e2e/functional/wave-a-mobile-roles.spec.ts; wave-a-role-journeys.spec.ts
V51-016,17,Rôles & permissions,Sidebar dynamique,Afficher les sections selon les rôles actifs.,Mapper roles[] vers navigation dashboard.,☐,MVP,Critique,API/Web,BACKEND_COMPLETE,FRONTEND_COMPLETE,INTEGRATED,E2E_COMPLETE,ROLE_ACCESSIBLE,IMPLEMENTED,CRITICAL,BLOCKER,Authenticated user roles; server guards; stable role routing,HIGH,N/A,None material for the v5.1 row as scoped.,Maintenance only,src/shared/decorators/roles.decorator.ts; src/shared/guards; modules events/vendors/venues,src/shared/layout/sidebar-nav.ts; src/shared/guards/RoleGuard.tsx,test/admin-authorization.e2e-spec.ts; e2e/functional/wave-a-mobile-roles.spec.ts; wave-a-role-journeys.spec.ts
V51-017,18,Rôles & permissions,Guard par rôle API,Protéger endpoints selon rôles requis.,JwtAuthGuard + RolesGuard global.,☐,MVP,Critique,API/Web,BACKEND_COMPLETE,FRONTEND_COMPLETE,INTEGRATED,E2E_COMPLETE,ROLE_ACCESSIBLE,IMPLEMENTED,CRITICAL,BLOCKER,Authenticated user roles; server guards; stable role routing,HIGH,N/A,None material for the v5.1 row as scoped.,Maintenance only,src/shared/decorators/roles.decorator.ts; src/shared/guards; modules events/vendors/venues,src/shared/layout/sidebar-nav.ts; src/shared/guards/RoleGuard.tsx,test/admin-authorization.e2e-spec.ts; e2e/functional/wave-a-mobile-roles.spec.ts; wave-a-role-journeys.spec.ts
V51-018,19,Rôles & permissions,Ownership events,Empêcher un utilisateur d’agir sur les événements d’un autre.,Contrôle service systématique avant mutation.,☐,MVP,Critique,API/Web,BACKEND_COMPLETE,FRONTEND_COMPLETE,INTEGRATED,E2E_COMPLETE,ROLE_ACCESSIBLE,IMPLEMENTED,CRITICAL,BLOCKER,Authenticated user roles; server guards; stable role routing,HIGH,N/A,None material for the v5.1 row as scoped.,Maintenance only,src/shared/decorators/roles.decorator.ts; src/shared/guards; modules events/vendors/venues,src/shared/layout/sidebar-nav.ts; src/shared/guards/RoleGuard.tsx,test/admin-authorization.e2e-spec.ts; e2e/functional/wave-a-mobile-roles.spec.ts; wave-a-role-journeys.spec.ts
V51-019,20,Rôles & permissions,Ownership vendors requests,Empêcher les demandes prestataires sur événements non possédés.,Vérifier organizer === user.id.,☐,MVP,Critique,API/Web,BACKEND_COMPLETE,FRONTEND_COMPLETE,INTEGRATED,E2E_COMPLETE,ROLE_ACCESSIBLE,IMPLEMENTED,CRITICAL,BLOCKER,Authenticated user roles; server guards; stable role routing,HIGH,N/A,None material for the v5.1 row as scoped.,Maintenance only,src/shared/decorators/roles.decorator.ts; src/shared/guards; modules events/vendors/venues,src/shared/layout/sidebar-nav.ts; src/shared/guards/RoleGuard.tsx,test/admin-authorization.e2e-spec.ts; e2e/functional/wave-a-mobile-roles.spec.ts; wave-a-role-journeys.spec.ts
V51-020,21,Rôles & permissions,Ownership venue bookings,Empêcher les réservations de lieux sur événements non possédés.,Vérifier event organizer avant création/modification.,☐,MVP,Critique,API/Web,BACKEND_COMPLETE,FRONTEND_COMPLETE,INTEGRATED,E2E_COMPLETE,ROLE_ACCESSIBLE,IMPLEMENTED,CRITICAL,BLOCKER,Authenticated user roles; server guards; stable role routing,HIGH,N/A,None material for the v5.1 row as scoped.,Maintenance only,src/shared/decorators/roles.decorator.ts; src/shared/guards; modules events/vendors/venues,src/shared/layout/sidebar-nav.ts; src/shared/guards/RoleGuard.tsx,test/admin-authorization.e2e-spec.ts; e2e/functional/wave-a-mobile-roles.spec.ts; wave-a-role-journeys.spec.ts
V51-021,22,Événements,Créer événement draft,Créer un événement brouillon avec données minimales.,"DTO strict, organizer automatique, statut draft.",☐,MVP,Haute,API/Web,BACKEND_COMPLETE,FRONTEND_COMPLETE,INTEGRATED,E2E_COMPLETE,ROLE_ACCESSIBLE,IMPLEMENTED,CRITICAL,BLOCKER,Event domain; ownership; Access V2; media and venue/provider contracts,HIGH,N/A,None material for the v5.1 row as scoped.,Maintenance only,src/modules/events/events.controller.ts; events.service.ts; event.schema.ts; event-access.service.ts,src/components/events/create; src/components/events/organizer; src/app/(dashboard)/tableau-de-bord/evenements,src/modules/events/*.spec.ts; e2e/functional/event-lifecycle.spec.ts; event-workspace.spec.ts
V51-022,23,Événements,Modifier événement,Mettre à jour les informations d’un événement.,"Aligner API/Web sur PUT ou PATCH, vérifier ownership.",☐,MVP,Haute,API/Web,BACKEND_COMPLETE,FRONTEND_COMPLETE,INTEGRATED,E2E_COMPLETE,ROLE_ACCESSIBLE,IMPLEMENTED,CRITICAL,BLOCKER,Event domain; ownership; Access V2; media and venue/provider contracts,HIGH,N/A,None material for the v5.1 row as scoped.,Maintenance only,src/modules/events/events.controller.ts; events.service.ts; event.schema.ts; event-access.service.ts,src/components/events/create; src/components/events/organizer; src/app/(dashboard)/tableau-de-bord/evenements,src/modules/events/*.spec.ts; e2e/functional/event-lifecycle.spec.ts; event-workspace.spec.ts
V51-023,24,Événements,Supprimer brouillon,Supprimer uniquement un événement en draft.,Refuser suppression si published/ongoing/completed/cancelled.,☐,MVP,Haute,API/Web,BACKEND_COMPLETE,FRONTEND_COMPLETE,INTEGRATED,E2E_COMPLETE,ROLE_ACCESSIBLE,IMPLEMENTED,CRITICAL,BLOCKER,Event domain; ownership; Access V2; media and venue/provider contracts,HIGH,N/A,None material for the v5.1 row as scoped.,Maintenance only,src/modules/events/events.controller.ts; events.service.ts; event.schema.ts; event-access.service.ts,src/components/events/create; src/components/events/organizer; src/app/(dashboard)/tableau-de-bord/evenements,src/modules/events/*.spec.ts; e2e/functional/event-lifecycle.spec.ts; event-workspace.spec.ts
V51-024,25,Événements,Publier événement,Rendre un événement visible publiquement.,Vérifier champs requis et status transition draft→published.,☐,MVP,Haute,API/Web,BACKEND_COMPLETE,FRONTEND_COMPLETE,INTEGRATED,E2E_COMPLETE,ROLE_ACCESSIBLE,IMPLEMENTED,CRITICAL,BLOCKER,Event domain; ownership; Access V2; media and venue/provider contracts,HIGH,N/A,None material for the v5.1 row as scoped.,Maintenance only,src/modules/events/events.controller.ts; events.service.ts; event.schema.ts; event-access.service.ts,src/components/events/create; src/components/events/organizer; src/app/(dashboard)/tableau-de-bord/evenements,src/modules/events/*.spec.ts; e2e/functional/event-lifecycle.spec.ts; event-workspace.spec.ts
V51-025,26,Événements,Annuler événement simple,Annuler un événement publié.,Passer à cancelled et notifier parties prenantes.,☐,MVP,Haute,API/Web,BACKEND_COMPLETE,FRONTEND_ABSENT,NOT_INTEGRATED,API_E2E_ONLY,NOT_ACCESSIBLE,BACKEND_ONLY,HIGH,DESIRABLE,Event domain; ownership; Access V2; media and venue/provider contracts,MEDIUM,M,Cancellation exists in the API but is not exposed by the organizer UI.,I — Event operations completion,src/modules/events/events.controller.ts; events.service.ts; event.schema.ts; event-access.service.ts,src/components/events/create; src/components/events/organizer; src/app/(dashboard)/tableau-de-bord/evenements,src/modules/events/*.spec.ts; e2e/functional/event-lifecycle.spec.ts; event-workspace.spec.ts
V51-026,27,Événements,Annulation avec remboursements,Annuler et rembourser automatiquement les billets payés.,Workflow Stripe refund + notifications + état tickets.,☐,MVP,Haute,API/Web,BACKEND_ABSENT,FRONTEND_ABSENT,NOT_INTEGRATED,NO_TEST,NOT_ACCESSIBLE,ABSENT,HIGH,DESIRABLE,Event domain; ownership; Access V2; media and venue/provider contracts,MEDIUM,L,No event-cancellation orchestration performs ticket refunds.,K — Payment readiness & cancellations,src/modules/events/events.controller.ts; events.service.ts; event.schema.ts; event-access.service.ts,src/components/events/create; src/components/events/organizer; src/app/(dashboard)/tableau-de-bord/evenements,src/modules/events/*.spec.ts; e2e/functional/event-lifecycle.spec.ts; event-workspace.spec.ts
V51-027,28,Événements,Slug automatique,Générer une URL lisible et unique.,Slugify + suffixe anti-collision.,☐,MVP,Haute,API/Web,BACKEND_COMPLETE,FRONTEND_COMPLETE,INTEGRATED,E2E_COMPLETE,ROLE_ACCESSIBLE,IMPLEMENTED,HIGH,DESIRABLE,Event domain; ownership; Access V2; media and venue/provider contracts,LOW,N/A,None material for the v5.1 row as scoped.,Maintenance only,src/modules/events/events.controller.ts; events.service.ts; event.schema.ts; event-access.service.ts,src/components/events/create; src/components/events/organizer; src/app/(dashboard)/tableau-de-bord/evenements,src/modules/events/*.spec.ts; e2e/functional/event-lifecycle.spec.ts; event-workspace.spec.ts
V51-028,29,Événements,Page publique événement,Afficher les détails d’un événement publié.,N’exposer que published + public.,☐,MVP,Haute,API/Web,BACKEND_COMPLETE,FRONTEND_COMPLETE,INTEGRATED,E2E_COMPLETE,ROLE_ACCESSIBLE,IMPLEMENTED,CRITICAL,BLOCKER,Event domain; ownership; Access V2; media and venue/provider contracts,HIGH,N/A,None material for the v5.1 row as scoped.,Maintenance only,src/modules/events/events.controller.ts; events.service.ts; event.schema.ts; event-access.service.ts,src/components/events/create; src/components/events/organizer; src/app/(dashboard)/tableau-de-bord/evenements,src/modules/events/*.spec.ts; e2e/functional/event-lifecycle.spec.ts; event-workspace.spec.ts
V51-029,30,Événements,Confidentialité événements,"Masquer drafts, private et unlisted des endpoints publics.","Filtrer côté service, tests de non-exposition.",☐,MVP,Haute,API/Web,BACKEND_COMPLETE,FRONTEND_COMPLETE,INTEGRATED,E2E_COMPLETE,ROLE_ACCESSIBLE,IMPLEMENTED,CRITICAL,BLOCKER,Event domain; ownership; Access V2; media and venue/provider contracts,HIGH,N/A,None material for the v5.1 row as scoped.,Maintenance only,src/modules/events/events.controller.ts; events.service.ts; event.schema.ts; event-access.service.ts,src/components/events/create; src/components/events/organizer; src/app/(dashboard)/tableau-de-bord/evenements,src/modules/events/*.spec.ts; e2e/functional/event-lifecycle.spec.ts; event-workspace.spec.ts
V51-030,31,Événements,Statuts événement complets,"Gérer draft, published, ongoing, completed, cancelled.",Ajouter enum complet et transitions validées.,☐,MVP,Haute,API/Web,BACKEND_PARTIAL,FRONTEND_PARTIAL,PARTIALLY_INTEGRATED,E2E_PARTIAL,ROLE_ACCESSIBLE,PARTIAL,HIGH,DESIRABLE,Event domain; ownership; Access V2; media and venue/provider contracts,LOW,M,"Core statuses exist, but cancellation is not exposed and automatic completion is absent.",I — Event operations completion,src/modules/events/events.controller.ts; events.service.ts; event.schema.ts; event-access.service.ts,src/components/events/create; src/components/events/organizer; src/app/(dashboard)/tableau-de-bord/evenements,src/modules/events/*.spec.ts; e2e/functional/event-lifecycle.spec.ts; event-workspace.spec.ts
V51-031,32,Événements,Clôture automatique,Passer les événements passés à completed.,Cron job sécurisé et idempotent.,☐,MVP,Haute,API/Web,BACKEND_ABSENT,FRONTEND_ABSENT,NOT_INTEGRATED,NO_TEST,NOT_ACCESSIBLE,ABSENT,HIGH,DESIRABLE,Event domain; ownership; Access V2; media and venue/provider contracts,MEDIUM,L,No scheduler or domain transition automatically closes past events.,I — Event operations completion,src/modules/events/events.controller.ts; events.service.ts; event.schema.ts; event-access.service.ts,src/components/events/create; src/components/events/organizer; src/app/(dashboard)/tableau-de-bord/evenements,src/modules/events/*.spec.ts; e2e/functional/event-lifecycle.spec.ts; event-workspace.spec.ts
V51-032,33,Événements,Parcours 6 étapes,"Créer, équiper, lieu, vendre, gérer, diffuser, valider.",Modéliser progression et CTA contextuels.,☐,MVP,Haute,API/Web,BACKEND_COMPLETE,FRONTEND_COMPLETE,INTEGRATED,E2E_COMPLETE,ROLE_ACCESSIBLE,IMPLEMENTED,CRITICAL,BLOCKER,Event domain; ownership; Access V2; media and venue/provider contracts,HIGH,N/A,None material for the v5.1 row as scoped.,Maintenance only,src/modules/events/events.controller.ts; events.service.ts; event.schema.ts; event-access.service.ts,src/components/events/create; src/components/events/organizer; src/app/(dashboard)/tableau-de-bord/evenements,src/modules/events/*.spec.ts; e2e/functional/event-lifecycle.spec.ts; event-workspace.spec.ts
V51-033,34,Événements,Indicateur de complétion,Afficher l’avancement de préparation d’un événement.,Calcul backend ou frontend selon ressources associées.,☐,MVP,Haute,API/Web,BACKEND_COMPLETE,FRONTEND_COMPLETE,INTEGRATED,E2E_COMPLETE,ROLE_ACCESSIBLE,IMPLEMENTED,HIGH,DESIRABLE,Event domain; ownership; Access V2; media and venue/provider contracts,LOW,N/A,None material for the v5.1 row as scoped.,Maintenance only,src/modules/events/events.controller.ts; events.service.ts; event.schema.ts; event-access.service.ts,src/components/events/create; src/components/events/organizer; src/app/(dashboard)/tableau-de-bord/evenements,src/modules/events/*.spec.ts; e2e/functional/event-lifecycle.spec.ts; event-workspace.spec.ts
V51-034,35,Événements,Rattacher prestataires,Associer prestataires platform/manual/external à un événement.,Supporter source et externalContact.,☐,MVP,Haute,API/Web,BACKEND_COMPLETE,FRONTEND_COMPLETE,INTEGRATED,E2E_COMPLETE,ROLE_ACCESSIBLE,IMPLEMENTED,HIGH,DESIRABLE,Event domain; ownership; Access V2; media and venue/provider contracts,LOW,N/A,None material for the v5.1 row as scoped.,Maintenance only,src/modules/events/events.controller.ts; events.service.ts; event.schema.ts; event-access.service.ts,src/components/events/create; src/components/events/organizer; src/app/(dashboard)/tableau-de-bord/evenements,src/modules/events/*.spec.ts; e2e/functional/event-lifecycle.spec.ts; event-workspace.spec.ts
V51-035,36,Événements,Rattacher lieux,Associer lieu platform/manual/external à un événement.,Supporter réservation ou rattachement informatif.,☐,MVP,Haute,API/Web,BACKEND_COMPLETE,FRONTEND_COMPLETE,INTEGRATED,E2E_COMPLETE,ROLE_ACCESSIBLE,IMPLEMENTED,HIGH,DESIRABLE,Event domain; ownership; Access V2; media and venue/provider contracts,LOW,N/A,None material for the v5.1 row as scoped.,Maintenance only,src/modules/events/events.controller.ts; events.service.ts; event.schema.ts; event-access.service.ts,src/components/events/create; src/components/events/organizer; src/app/(dashboard)/tableau-de-bord/evenements,src/modules/events/*.spec.ts; e2e/functional/event-lifecycle.spec.ts; event-workspace.spec.ts
V51-036,37,Événements,Hub événement organisateur,Centraliser toutes les actions de l’événement.,UI dashboard avec cartes et actions contextuelles.,☐,MVP,Haute,API/Web,BACKEND_COMPLETE,FRONTEND_COMPLETE,INTEGRATED,E2E_COMPLETE,ROLE_ACCESSIBLE,IMPLEMENTED,CRITICAL,BLOCKER,Event domain; ownership; Access V2; media and venue/provider contracts,HIGH,N/A,None material for the v5.1 row as scoped.,Maintenance only,src/modules/events/events.controller.ts; events.service.ts; event.schema.ts; event-access.service.ts,src/components/events/create; src/components/events/organizer; src/app/(dashboard)/tableau-de-bord/evenements,src/modules/events/*.spec.ts; e2e/functional/event-lifecycle.spec.ts; event-workspace.spec.ts
V51-037,38,Événements,Formulaire création 5 étapes,Étendre le wizard de 3 à 5 étapes.,Garder parcours non bloquant et sauvegarde progressive.,☐,MVP,Haute,API/Web,N/A,N/A,N/A,N/A,N/A,OUT_OF_SCOPE,HIGH,DESIRABLE,Event domain; ownership; Access V2; media and venue/provider contracts,LOW,M,Superseded by the current validated six-step wizard; the source plan contains contradictory five- and six-step rows.,No wave — superseded by six-step wizard,src/modules/events/events.controller.ts; events.service.ts; event.schema.ts; event-access.service.ts,src/components/events/create; src/components/events/organizer; src/app/(dashboard)/tableau-de-bord/evenements,src/modules/events/*.spec.ts; e2e/functional/event-lifecycle.spec.ts; event-workspace.spec.ts
V51-038,39,Prestataires,Créer profil prestataire,Permettre à un prestataire de créer son profil.,"DTO strict, un profil par user.",☐,MVP,Haute,API/Web,BACKEND_COMPLETE,FRONTEND_COMPLETE,INTEGRATED,E2E_COMPLETE,ROLE_ACCESSIBLE,IMPLEMENTED,CRITICAL,BLOCKER,VendorProfile; organizer-owned VendorRequest lifecycle; notification/email producers,HIGH,N/A,None material for the v5.1 row as scoped.,Maintenance only,src/modules/vendors/vendors.controller.ts; vendors.service.ts; vendor.schema.ts,src/app/(dashboard)/tableau-de-bord/prestataire; src/features/vendors; public/prestataires,src/modules/vendors/*.spec.ts; e2e/functional/wave-a-role-journeys.spec.ts
V51-039,40,Prestataires,Modifier profil prestataire,"Mettre à jour nom, catégorie, zone, description, photos.",PUT /vendors/me aligné frontend.,☐,MVP,Haute,API/Web,BACKEND_COMPLETE,FRONTEND_COMPLETE,INTEGRATED,E2E_COMPLETE,ROLE_ACCESSIBLE,IMPLEMENTED,CRITICAL,BLOCKER,VendorProfile; organizer-owned VendorRequest lifecycle; notification/email producers,HIGH,N/A,None material for the v5.1 row as scoped.,Maintenance only,src/modules/vendors/vendors.controller.ts; vendors.service.ts; vendor.schema.ts,src/app/(dashboard)/tableau-de-bord/prestataire; src/features/vendors; public/prestataires,src/modules/vendors/*.spec.ts; e2e/functional/wave-a-role-journeys.spec.ts
V51-040,41,Prestataires,Catalogue prestataires,Lister les prestataires actifs.,"Pagination, filtres catégorie/ville, isActive.",☐,MVP,Haute,API/Web,BACKEND_COMPLETE,FRONTEND_COMPLETE,INTEGRATED,E2E_COMPLETE,ROLE_ACCESSIBLE,IMPLEMENTED,CRITICAL,BLOCKER,VendorProfile; organizer-owned VendorRequest lifecycle; notification/email producers,HIGH,N/A,None material for the v5.1 row as scoped.,Maintenance only,src/modules/vendors/vendors.controller.ts; vendors.service.ts; vendor.schema.ts,src/app/(dashboard)/tableau-de-bord/prestataire; src/features/vendors; public/prestataires,src/modules/vendors/*.spec.ts; e2e/functional/wave-a-role-journeys.spec.ts
V51-041,42,Prestataires,Fiche prestataire,Afficher le profil public détaillé.,Server component + metadata SEO.,☐,MVP,Haute,API/Web,BACKEND_COMPLETE,FRONTEND_COMPLETE,INTEGRATED,E2E_COMPLETE,ROLE_ACCESSIBLE,IMPLEMENTED,CRITICAL,BLOCKER,VendorProfile; organizer-owned VendorRequest lifecycle; notification/email producers,HIGH,N/A,None material for the v5.1 row as scoped.,Maintenance only,src/modules/vendors/vendors.controller.ts; vendors.service.ts; vendor.schema.ts,src/app/(dashboard)/tableau-de-bord/prestataire; src/features/vendors; public/prestataires,src/modules/vendors/*.spec.ts; e2e/functional/wave-a-role-journeys.spec.ts
V51-042,43,Prestataires,Demande prestataire,Organisateur envoie une demande liée à un événement.,Vérifier ownership de l’événement.,☐,MVP,Haute,API/Web,BACKEND_COMPLETE,FRONTEND_COMPLETE,INTEGRATED,E2E_COMPLETE,ROLE_ACCESSIBLE,IMPLEMENTED,CRITICAL,BLOCKER,VendorProfile; organizer-owned VendorRequest lifecycle; notification/email producers,HIGH,N/A,None material for the v5.1 row as scoped.,Maintenance only,src/modules/vendors/vendors.controller.ts; vendors.service.ts; vendor.schema.ts,src/app/(dashboard)/tableau-de-bord/prestataire; src/features/vendors; public/prestataires,src/modules/vendors/*.spec.ts; e2e/functional/wave-a-role-journeys.spec.ts
V51-043,44,Prestataires,Réponse demande prestataire,Prestataire accepte ou refuse.,Transitions PENDING→ACCEPTED/DECLINED.,☐,MVP,Haute,API/Web,BACKEND_COMPLETE,FRONTEND_COMPLETE,INTEGRATED,E2E_COMPLETE,ROLE_ACCESSIBLE,IMPLEMENTED,CRITICAL,BLOCKER,VendorProfile; organizer-owned VendorRequest lifecycle; notification/email producers,HIGH,N/A,None material for the v5.1 row as scoped.,Maintenance only,src/modules/vendors/vendors.controller.ts; vendors.service.ts; vendor.schema.ts,src/app/(dashboard)/tableau-de-bord/prestataire; src/features/vendors; public/prestataires,src/modules/vendors/*.spec.ts; e2e/functional/wave-a-role-journeys.spec.ts
V51-044,45,Prestataires,Annuler demande prestataire,Organisateur annule une demande en attente.,Autoriser seulement statut PENDING.,☐,MVP,Haute,API/Web,BACKEND_COMPLETE,FRONTEND_COMPLETE,INTEGRATED,E2E_COMPLETE,ROLE_ACCESSIBLE,IMPLEMENTED,HIGH,DESIRABLE,VendorProfile; organizer-owned VendorRequest lifecycle; notification/email producers,LOW,N/A,None material for the v5.1 row as scoped.,Maintenance only,src/modules/vendors/vendors.controller.ts; vendors.service.ts; vendor.schema.ts,src/app/(dashboard)/tableau-de-bord/prestataire; src/features/vendors; public/prestataires,src/modules/vendors/*.spec.ts; e2e/functional/wave-a-role-journeys.spec.ts
V51-045,46,Prestataires,Demandes reçues prestataire,Dashboard des demandes à traiter.,UI avec réponse inline.,☐,MVP,Haute,API/Web,BACKEND_COMPLETE,FRONTEND_COMPLETE,INTEGRATED,E2E_COMPLETE,ROLE_ACCESSIBLE,IMPLEMENTED,HIGH,DESIRABLE,VendorProfile; organizer-owned VendorRequest lifecycle; notification/email producers,LOW,N/A,None material for the v5.1 row as scoped.,Maintenance only,src/modules/vendors/vendors.controller.ts; vendors.service.ts; vendor.schema.ts,src/app/(dashboard)/tableau-de-bord/prestataire; src/features/vendors; public/prestataires,src/modules/vendors/*.spec.ts; e2e/functional/wave-a-role-journeys.spec.ts
V51-046,47,Prestataires,Demandes par événement,Voir les prestataires sollicités pour un événement.,Endpoint listByEvent avec ownership.,☐,MVP,Haute,API/Web,BACKEND_COMPLETE,FRONTEND_COMPLETE,INTEGRATED,E2E_COMPLETE,ROLE_ACCESSIBLE,IMPLEMENTED,HIGH,DESIRABLE,VendorProfile; organizer-owned VendorRequest lifecycle; notification/email producers,LOW,N/A,None material for the v5.1 row as scoped.,Maintenance only,src/modules/vendors/vendors.controller.ts; vendors.service.ts; vendor.schema.ts,src/app/(dashboard)/tableau-de-bord/prestataire; src/features/vendors; public/prestataires,src/modules/vendors/*.spec.ts; e2e/functional/wave-a-role-journeys.spec.ts
V51-047,48,Prestataires,Prestataire manuel,Ajouter un prestataire hors plateforme.,Source manual + externalContact.,☐,MVP,Haute,API/Web,BACKEND_COMPLETE,FRONTEND_COMPLETE,PARTIALLY_INTEGRATED,E2E_PARTIAL,ROLE_ACCESSIBLE,PARTIAL,HIGH,DESIRABLE,VendorProfile; organizer-owned VendorRequest lifecycle; notification/email producers,LOW,M,"Manual external provider requests exist, but the external lifecycle is limited.",I — Event operations completion,src/modules/vendors/vendors.controller.ts; vendors.service.ts; vendor.schema.ts,src/app/(dashboard)/tableau-de-bord/prestataire; src/features/vendors; public/prestataires,src/modules/vendors/*.spec.ts; e2e/functional/wave-a-role-journeys.spec.ts
V51-048,49,Prestataires,Prestataire externe confirmé,Rattacher un prestataire déjà engagé.,Source external sans invitation obligatoire.,☐,MVP,Haute,API/Web,BACKEND_ABSENT,FRONTEND_ABSENT,NOT_INTEGRATED,NO_TEST,NOT_ACCESSIBLE,ABSENT,HIGH,DESIRABLE,VendorProfile; organizer-owned VendorRequest lifecycle; notification/email producers,MEDIUM,L,No explicit confirmation/conversion state turns an external provider into a platform provider.,I — Event operations completion,src/modules/vendors/vendors.controller.ts; vendors.service.ts; vendor.schema.ts,src/app/(dashboard)/tableau-de-bord/prestataire; src/features/vendors; public/prestataires,src/modules/vendors/*.spec.ts; e2e/functional/wave-a-role-journeys.spec.ts
V51-049,50,Prestataires,Invitation prestataire,Inviter un prestataire hors plateforme à rejoindre Elintys.,Email token + préremplissage inscription.,☐,MVP,Haute,API/Web,BACKEND_PARTIAL,FRONTEND_PARTIAL,PARTIALLY_INTEGRATED,E2E_PARTIAL,ROLE_ACCESSIBLE,PARTIAL,HIGH,DESIRABLE,VendorProfile; organizer-owned VendorRequest lifecycle; notification/email producers,LOW,M,"An email can be sent with a request, but there is no dedicated secure vendor invitation acceptance journey.",I — Event operations completion,src/modules/vendors/vendors.controller.ts; vendors.service.ts; vendor.schema.ts,src/app/(dashboard)/tableau-de-bord/prestataire; src/features/vendors; public/prestataires,src/modules/vendors/*.spec.ts; e2e/functional/wave-a-role-journeys.spec.ts
V51-050,51,Lieux,Créer profil lieu,Créer une fiche lieu par gestionnaire.,"DTO adresse, capacité, équipements, prix.",☐,MVP,Haute,API/Web,BACKEND_COMPLETE,FRONTEND_COMPLETE,INTEGRATED,E2E_COMPLETE,ROLE_ACCESSIBLE,IMPLEMENTED,CRITICAL,BLOCKER,VenueProfile; organizer-owned booking lifecycle; notification/email producers,HIGH,N/A,None material for the v5.1 row as scoped.,Maintenance only,src/modules/venues/venues.controller.ts; venues.service.ts; venue.schema.ts,src/app/(dashboard)/tableau-de-bord/gestionnaire; src/features/venues; public/lieux,src/modules/venues/*.spec.ts; e2e/functional/wave-a-role-journeys.spec.ts
V51-051,52,Lieux,Modifier profil lieu,Mettre à jour les informations du lieu.,PUT /venues/me aligné frontend.,☐,MVP,Haute,API/Web,BACKEND_COMPLETE,FRONTEND_COMPLETE,INTEGRATED,E2E_COMPLETE,ROLE_ACCESSIBLE,IMPLEMENTED,CRITICAL,BLOCKER,VenueProfile; organizer-owned booking lifecycle; notification/email producers,HIGH,N/A,None material for the v5.1 row as scoped.,Maintenance only,src/modules/venues/venues.controller.ts; venues.service.ts; venue.schema.ts,src/app/(dashboard)/tableau-de-bord/gestionnaire; src/features/venues; public/lieux,src/modules/venues/*.spec.ts; e2e/functional/wave-a-role-journeys.spec.ts
V51-052,53,Lieux,Catalogue lieux,Lister les lieux actifs.,"Pagination, filtres ville/capacité.",☐,MVP,Haute,API/Web,BACKEND_COMPLETE,FRONTEND_COMPLETE,INTEGRATED,E2E_COMPLETE,ROLE_ACCESSIBLE,IMPLEMENTED,CRITICAL,BLOCKER,VenueProfile; organizer-owned booking lifecycle; notification/email producers,HIGH,N/A,None material for the v5.1 row as scoped.,Maintenance only,src/modules/venues/venues.controller.ts; venues.service.ts; venue.schema.ts,src/app/(dashboard)/tableau-de-bord/gestionnaire; src/features/venues; public/lieux,src/modules/venues/*.spec.ts; e2e/functional/wave-a-role-journeys.spec.ts
V51-053,54,Lieux,Fiche lieu,Afficher détail public d’un lieu.,Metadata SEO et images.,☐,MVP,Haute,API/Web,BACKEND_COMPLETE,FRONTEND_COMPLETE,INTEGRATED,E2E_COMPLETE,ROLE_ACCESSIBLE,IMPLEMENTED,CRITICAL,BLOCKER,VenueProfile; organizer-owned booking lifecycle; notification/email producers,HIGH,N/A,None material for the v5.1 row as scoped.,Maintenance only,src/modules/venues/venues.controller.ts; venues.service.ts; venue.schema.ts,src/app/(dashboard)/tableau-de-bord/gestionnaire; src/features/venues; public/lieux,src/modules/venues/*.spec.ts; e2e/functional/wave-a-role-journeys.spec.ts
V51-054,55,Lieux,Demande réservation lieu,Organisateur demande un lieu pour un événement.,Vérifier ownership événement.,☐,MVP,Haute,API/Web,BACKEND_COMPLETE,FRONTEND_COMPLETE,INTEGRATED,E2E_COMPLETE,ROLE_ACCESSIBLE,IMPLEMENTED,CRITICAL,BLOCKER,VenueProfile; organizer-owned booking lifecycle; notification/email producers,HIGH,N/A,None material for the v5.1 row as scoped.,Maintenance only,src/modules/venues/venues.controller.ts; venues.service.ts; venue.schema.ts,src/app/(dashboard)/tableau-de-bord/gestionnaire; src/features/venues; public/lieux,src/modules/venues/*.spec.ts; e2e/functional/wave-a-role-journeys.spec.ts
V51-055,56,Lieux,Réponse réservation lieu,Gestionnaire confirme ou refuse.,Transitions contrôlées.,☐,MVP,Haute,API/Web,BACKEND_COMPLETE,FRONTEND_COMPLETE,INTEGRATED,E2E_COMPLETE,ROLE_ACCESSIBLE,IMPLEMENTED,CRITICAL,BLOCKER,VenueProfile; organizer-owned booking lifecycle; notification/email producers,HIGH,N/A,None material for the v5.1 row as scoped.,Maintenance only,src/modules/venues/venues.controller.ts; venues.service.ts; venue.schema.ts,src/app/(dashboard)/tableau-de-bord/gestionnaire; src/features/venues; public/lieux,src/modules/venues/*.spec.ts; e2e/functional/wave-a-role-journeys.spec.ts
V51-056,57,Lieux,Réservations reçues,Dashboard gestionnaire de lieu.,UI avec réponse inline.,☐,MVP,Haute,API/Web,BACKEND_COMPLETE,FRONTEND_COMPLETE,INTEGRATED,E2E_COMPLETE,ROLE_ACCESSIBLE,IMPLEMENTED,HIGH,DESIRABLE,VenueProfile; organizer-owned booking lifecycle; notification/email producers,LOW,N/A,None material for the v5.1 row as scoped.,Maintenance only,src/modules/venues/venues.controller.ts; venues.service.ts; venue.schema.ts,src/app/(dashboard)/tableau-de-bord/gestionnaire; src/features/venues; public/lieux,src/modules/venues/*.spec.ts; e2e/functional/wave-a-role-journeys.spec.ts
V51-057,58,Lieux,Réservations par événement,Voir les demandes de lieu d’un événement.,Endpoint listByEvent avec ownership.,☐,MVP,Haute,API/Web,BACKEND_COMPLETE,FRONTEND_COMPLETE,INTEGRATED,E2E_COMPLETE,ROLE_ACCESSIBLE,IMPLEMENTED,HIGH,DESIRABLE,VenueProfile; organizer-owned booking lifecycle; notification/email producers,LOW,N/A,None material for the v5.1 row as scoped.,Maintenance only,src/modules/venues/venues.controller.ts; venues.service.ts; venue.schema.ts,src/app/(dashboard)/tableau-de-bord/gestionnaire; src/features/venues; public/lieux,src/modules/venues/*.spec.ts; e2e/functional/wave-a-role-journeys.spec.ts
V51-058,59,Lieux,Lieu manuel,Ajouter un lieu hors plateforme.,Source manual + contact externe.,☐,MVP,Haute,API/Web,BACKEND_COMPLETE,FRONTEND_COMPLETE,INTEGRATED,E2E_COMPLETE,ROLE_ACCESSIBLE,IMPLEMENTED,HIGH,DESIRABLE,VenueProfile; organizer-owned booking lifecycle; notification/email producers,LOW,N/A,None material for the v5.1 row as scoped.,Maintenance only,src/modules/venues/venues.controller.ts; venues.service.ts; venue.schema.ts,src/app/(dashboard)/tableau-de-bord/gestionnaire; src/features/venues; public/lieux,src/modules/venues/*.spec.ts; e2e/functional/wave-a-role-journeys.spec.ts
V51-059,60,Lieux,Lieu externe confirmé,Rattacher un lieu déjà réservé.,Source external informatif.,☐,MVP,Haute,API/Web,BACKEND_ABSENT,FRONTEND_ABSENT,NOT_INTEGRATED,NO_TEST,NOT_ACCESSIBLE,ABSENT,HIGH,DESIRABLE,VenueProfile; organizer-owned booking lifecycle; notification/email producers,MEDIUM,L,No explicit confirmation/conversion lifecycle for an external manual venue.,I — Event operations completion,src/modules/venues/venues.controller.ts; venues.service.ts; venue.schema.ts,src/app/(dashboard)/tableau-de-bord/gestionnaire; src/features/venues; public/lieux,src/modules/venues/*.spec.ts; e2e/functional/wave-a-role-journeys.spec.ts
V51-060,61,Lieux,Photos lieu,Gérer les images du lieu.,"Upload Cloudinary, ordre, suppression.",☐,MVP,Haute,API/Web,BACKEND_PARTIAL,FRONTEND_PARTIAL,PARTIALLY_INTEGRATED,UNIT_ONLY,ROLE_ACCESSIBLE,PARTIAL,HIGH,DESIRABLE,VenueProfile; organizer-owned booking lifecycle; notification/email producers,LOW,M,"Photo fields exist, but no dedicated owned Cloudinary venue-media workflow is exposed.",I — Event operations completion,src/modules/venues/venues.controller.ts; venues.service.ts; venue.schema.ts,src/app/(dashboard)/tableau-de-bord/gestionnaire; src/features/venues; public/lieux,src/modules/venues/*.spec.ts; e2e/functional/wave-a-role-journeys.spec.ts
V51-061,62,Lieux,Équipements lieu,Définir équipements et commodités.,Liste normalisée et filtres.,☐,MVP,Haute,API/Web,BACKEND_COMPLETE,FRONTEND_COMPLETE,INTEGRATED,E2E_COMPLETE,ROLE_ACCESSIBLE,IMPLEMENTED,HIGH,DESIRABLE,VenueProfile; organizer-owned booking lifecycle; notification/email producers,LOW,N/A,None material for the v5.1 row as scoped.,Maintenance only,src/modules/venues/venues.controller.ts; venues.service.ts; venue.schema.ts,src/app/(dashboard)/tableau-de-bord/gestionnaire; src/features/venues; public/lieux,src/modules/venues/*.spec.ts; e2e/functional/wave-a-role-journeys.spec.ts
V51-062,63,Lieux,Capacité et prix,Afficher capacité et tarif jour.,Validation min/max et devise CAD.,☐,MVP,Haute,API/Web,BACKEND_COMPLETE,FRONTEND_COMPLETE,INTEGRATED,E2E_COMPLETE,ROLE_ACCESSIBLE,IMPLEMENTED,HIGH,DESIRABLE,VenueProfile; organizer-owned booking lifecycle; notification/email producers,LOW,N/A,None material for the v5.1 row as scoped.,Maintenance only,src/modules/venues/venues.controller.ts; venues.service.ts; venue.schema.ts,src/app/(dashboard)/tableau-de-bord/gestionnaire; src/features/venues; public/lieux,src/modules/venues/*.spec.ts; e2e/functional/wave-a-role-journeys.spec.ts
V51-063,64,Lieux,Calendrier disponibilités,Gérer disponibilité par créneau.,"Phase 2, calendrier propriétaire.",☐,MVP,Haute,API/Web,BACKEND_ABSENT,FRONTEND_PLACEHOLDER,NOT_INTEGRATED,WEB_COMPONENT_ONLY,PLACEHOLDER,PLACEHOLDER,HIGH,DESIRABLE,VenueProfile; organizer-owned booking lifecycle; notification/email producers,LOW,M,Calendar route is an honest placeholder and no availability domain exists.,I — Venue availability,src/modules/venues/venues.controller.ts; venues.service.ts; venue.schema.ts,src/app/(dashboard)/tableau-de-bord/gestionnaire; src/features/venues; public/lieux,src/modules/venues/*.spec.ts; e2e/functional/wave-a-role-journeys.spec.ts
V51-064,65,Billetterie,Créer type de billet,"Définir billet standard, VIP ou gratuit.",Contrôler ownership événement.,☐,MVP,Critique,API/Web,BACKEND_COMPLETE,FRONTEND_COMPLETE,INTEGRATED,E2E_COMPLETE,ROLE_ACCESSIBLE,IMPLEMENTED,CRITICAL,BLOCKER,Event admission configuration; TicketType inventory; atomic issuance/scan,HIGH,N/A,None material for the v5.1 row as scoped.,Maintenance only,src/modules/tickets; src/modules/tickets/orders,src/components/tickets; src/features/tickets; src/app/(dashboard)/billetterie; src/app/(scan),src/modules/tickets/**/*.spec.ts; test/ticket-orders.e2e-spec.ts; sprint3-wave4-participant.spec.ts; wave-a-scan.spec.ts
V51-065,66,Billetterie,Modifier type de billet,"Mettre à jour prix, stock, dates de vente.",Refuser incohérences avec billets vendus.,☐,MVP,Critique,API/Web,BACKEND_COMPLETE,FRONTEND_COMPLETE,INTEGRATED,E2E_COMPLETE,ROLE_ACCESSIBLE,IMPLEMENTED,CRITICAL,BLOCKER,Event admission configuration; TicketType inventory; atomic issuance/scan,HIGH,N/A,None material for the v5.1 row as scoped.,Maintenance only,src/modules/tickets; src/modules/tickets/orders,src/components/tickets; src/features/tickets; src/app/(dashboard)/billetterie; src/app/(scan),src/modules/tickets/**/*.spec.ts; test/ticket-orders.e2e-spec.ts; sprint3-wave4-participant.spec.ts; wave-a-scan.spec.ts
V51-066,67,Billetterie,Supprimer type de billet,Supprimer si aucun billet vendu.,Contrôle relation tickets.,☐,MVP,Critique,API/Web,BACKEND_COMPLETE,FRONTEND_COMPLETE,INTEGRATED,E2E_COMPLETE,ROLE_ACCESSIBLE,IMPLEMENTED,CRITICAL,BLOCKER,Event admission configuration; TicketType inventory; atomic issuance/scan,HIGH,N/A,None material for the v5.1 row as scoped.,Maintenance only,src/modules/tickets; src/modules/tickets/orders,src/components/tickets; src/features/tickets; src/app/(dashboard)/billetterie; src/app/(scan),src/modules/tickets/**/*.spec.ts; test/ticket-orders.e2e-spec.ts; sprint3-wave4-participant.spec.ts; wave-a-scan.spec.ts
V51-067,68,Billetterie,Lister types de billets,Afficher billets disponibles pour événement.,Route alignée Web/API.,☐,MVP,Critique,API/Web,BACKEND_COMPLETE,FRONTEND_COMPLETE,INTEGRATED,E2E_COMPLETE,ROLE_ACCESSIBLE,IMPLEMENTED,CRITICAL,BLOCKER,Event admission configuration; TicketType inventory; atomic issuance/scan,HIGH,N/A,None material for the v5.1 row as scoped.,Maintenance only,src/modules/tickets; src/modules/tickets/orders,src/components/tickets; src/features/tickets; src/app/(dashboard)/billetterie; src/app/(scan),src/modules/tickets/**/*.spec.ts; test/ticket-orders.e2e-spec.ts; sprint3-wave4-participant.spec.ts; wave-a-scan.spec.ts
V51-068,69,Billetterie,Achat billet gratuit,Acheter un billet gratuit.,Route publique avec guest checkout possible.,☐,MVP,Critique,API/Web,BACKEND_COMPLETE,FRONTEND_COMPLETE,INTEGRATED,E2E_COMPLETE,ROLE_ACCESSIBLE,IMPLEMENTED,CRITICAL,BLOCKER,Event admission configuration; TicketType inventory; atomic issuance/scan,HIGH,N/A,None material for the v5.1 row as scoped.,Maintenance only,src/modules/tickets; src/modules/tickets/orders,src/components/tickets; src/features/tickets; src/app/(dashboard)/billetterie; src/app/(scan),src/modules/tickets/**/*.spec.ts; test/ticket-orders.e2e-spec.ts; sprint3-wave4-participant.spec.ts; wave-a-scan.spec.ts
V51-069,70,Billetterie,Achat billet payant,Créer session Stripe Checkout.,"Route publique, validation stock avant checkout.",☐,MVP,Critique,API/Web,BACKEND_COMPLETE,FRONTEND_COMPLETE,PARTIALLY_INTEGRATED,E2E_PARTIAL,ROLE_ACCESSIBLE,PARTIAL,CRITICAL,BLOCKER,Event admission configuration; TicketType inventory; atomic issuance/scan,HIGH,M,"Paid order core and UI exist, but the real external buyer-to-ticket PayPal flow was not executed.",K — Payment Readiness,src/modules/tickets; src/modules/tickets/orders,src/components/tickets; src/features/tickets; src/app/(dashboard)/billetterie; src/app/(scan),src/modules/tickets/**/*.spec.ts; test/ticket-orders.e2e-spec.ts; sprint3-wave4-participant.spec.ts; wave-a-scan.spec.ts
V51-070,71,Billetterie,Achat invité,Acheter sans compte avec nom et email.,"buyerId nullable, guestEmail/guestName requis.",☐,MVP,Critique,API/Web,BACKEND_PARTIAL,FRONTEND_ABSENT,NOT_INTEGRATED,UNIT_ONLY,NOT_ACCESSIBLE,PARTIAL,HIGH,DESIRABLE,Event admission configuration; TicketType inventory; atomic issuance/scan,LOW,M,"Legacy models support guest email, but current ticket-order and free-ticket endpoints require authentication.",K — Payment readiness & ticket operations,src/modules/tickets; src/modules/tickets/orders,src/components/tickets; src/features/tickets; src/app/(dashboard)/billetterie; src/app/(scan),src/modules/tickets/**/*.spec.ts; test/ticket-orders.e2e-spec.ts; sprint3-wave4-participant.spec.ts; wave-a-scan.spec.ts
V51-071,72,Billetterie,Rattachement achat invité,Relier billets invités au compte lors du login.,linkGuestPurchases par email vérifié.,☐,MVP,Critique,API/Web,BACKEND_PARTIAL,FRONTEND_ABSENT,NOT_INTEGRATED,UNIT_ONLY,NOT_ACCESSIBLE,PARTIAL,HIGH,DESIRABLE,Event admission configuration; TicketType inventory; atomic issuance/scan,LOW,M,"Linking guest purchases at registration exists, but no active guest checkout creates those purchases end to end.",K — Payment readiness & ticket operations,src/modules/tickets; src/modules/tickets/orders,src/components/tickets; src/features/tickets; src/app/(dashboard)/billetterie; src/app/(scan),src/modules/tickets/**/*.spec.ts; test/ticket-orders.e2e-spec.ts; sprint3-wave4-participant.spec.ts; wave-a-scan.spec.ts
V51-072,73,Billetterie,Génération QR code,Créer un QR unique par billet.,"UUID unique, jamais dans URL de scan.",☐,MVP,Critique,API/Web,BACKEND_COMPLETE,FRONTEND_COMPLETE,INTEGRATED,E2E_COMPLETE,ROLE_ACCESSIBLE,IMPLEMENTED,CRITICAL,BLOCKER,Event admission configuration; TicketType inventory; atomic issuance/scan,HIGH,N/A,None material for the v5.1 row as scoped.,Maintenance only,src/modules/tickets; src/modules/tickets/orders,src/components/tickets; src/features/tickets; src/app/(dashboard)/billetterie; src/app/(scan),src/modules/tickets/**/*.spec.ts; test/ticket-orders.e2e-spec.ts; sprint3-wave4-participant.spec.ts; wave-a-scan.spec.ts
V51-073,74,Billetterie,Mes billets,Afficher billets achetés par participant.,Dashboard participant + QR.,☐,MVP,Critique,API/Web,BACKEND_COMPLETE,FRONTEND_COMPLETE,INTEGRATED,E2E_COMPLETE,ROLE_ACCESSIBLE,IMPLEMENTED,CRITICAL,BLOCKER,Event admission configuration; TicketType inventory; atomic issuance/scan,HIGH,N/A,None material for the v5.1 row as scoped.,Maintenance only,src/modules/tickets; src/modules/tickets/orders,src/components/tickets; src/features/tickets; src/app/(dashboard)/billetterie; src/app/(scan),src/modules/tickets/**/*.spec.ts; test/ticket-orders.e2e-spec.ts; sprint3-wave4-participant.spec.ts; wave-a-scan.spec.ts
V51-074,75,Billetterie,Scan QR API,Valider un billet à l’entrée.,"POST body {qrCode}, statut used idempotent.",☐,MVP,Critique,API/Web,BACKEND_COMPLETE,FRONTEND_COMPLETE,INTEGRATED,E2E_COMPLETE,ROLE_ACCESSIBLE,IMPLEMENTED,CRITICAL,BLOCKER,Event admission configuration; TicketType inventory; atomic issuance/scan,HIGH,N/A,None material for the v5.1 row as scoped.,Maintenance only,src/modules/tickets; src/modules/tickets/orders,src/components/tickets; src/features/tickets; src/app/(dashboard)/billetterie; src/app/(scan),src/modules/tickets/**/*.spec.ts; test/ticket-orders.e2e-spec.ts; sprint3-wave4-participant.spec.ts; wave-a-scan.spec.ts
V51-075,76,Billetterie,Scan QR Web,Scanner depuis navigateur web si supporté.,BarcodeDetector avec fallback ou message clair.,☐,MVP,Critique,API/Web,BACKEND_COMPLETE,FRONTEND_COMPLETE,INTEGRATED,E2E_COMPLETE,ROLE_ACCESSIBLE,IMPLEMENTED,CRITICAL,BLOCKER,Event admission configuration; TicketType inventory; atomic issuance/scan,HIGH,N/A,None material for the v5.1 row as scoped.,Maintenance only,src/modules/tickets; src/modules/tickets/orders,src/components/tickets; src/features/tickets; src/app/(dashboard)/billetterie; src/app/(scan),src/modules/tickets/**/*.spec.ts; test/ticket-orders.e2e-spec.ts; sprint3-wave4-participant.spec.ts; wave-a-scan.spec.ts
V51-076,77,Billetterie,Scan QR mobile natif,Scanner via app mobile React Native.,"Phase 2/3, caméra native.",☐,MVP,Critique,API/Web,BACKEND_ABSENT,FRONTEND_ABSENT,NOT_INTEGRATED,NO_TEST,NOT_ACCESSIBLE,DEFERRED,HIGH,DESIRABLE,Event admission configuration; TicketType inventory; atomic issuance/scan,LOW,XL,No React Native application exists.,Phase 3 — Native mobile,src/modules/tickets; src/modules/tickets/orders,src/components/tickets; src/features/tickets; src/app/(dashboard)/billetterie; src/app/(scan),src/modules/tickets/**/*.spec.ts; test/ticket-orders.e2e-spec.ts; sprint3-wave4-participant.spec.ts; wave-a-scan.spec.ts
V51-077,78,Billetterie,Historique scan,Afficher date/heure de premier scan.,Retourner état déjà utilisé.,☐,MVP,Critique,API/Web,BACKEND_PARTIAL,FRONTEND_ABSENT,NOT_INTEGRATED,UNIT_ONLY,NOT_ACCESSIBLE,PARTIAL,HIGH,DESIRABLE,Event admission configuration; TicketType inventory; atomic issuance/scan,LOW,M,"Scan timestamps are persisted, but no scan-history endpoint or UI exists.",K — Payment readiness & ticket operations,src/modules/tickets; src/modules/tickets/orders,src/components/tickets; src/features/tickets; src/app/(dashboard)/billetterie; src/app/(scan),src/modules/tickets/**/*.spec.ts; test/ticket-orders.e2e-spec.ts; sprint3-wave4-participant.spec.ts; wave-a-scan.spec.ts
V51-078,79,Billetterie,Billet remboursé,Bloquer scan d’un billet remboursé.,Statut refunded + message explicite.,☐,MVP,Critique,API/Web,BACKEND_COMPLETE,FRONTEND_PARTIAL,PARTIALLY_INTEGRATED,UNIT_ONLY,ROLE_ACCESSIBLE,PARTIAL,HIGH,DESIRABLE,Event admission configuration; TicketType inventory; atomic issuance/scan,LOW,M,"Refund API/status exists, but no organizer refund UI or external refund readiness is proven.",K — Payment readiness & ticket operations,src/modules/tickets; src/modules/tickets/orders,src/components/tickets; src/features/tickets; src/app/(dashboard)/billetterie; src/app/(scan),src/modules/tickets/**/*.spec.ts; test/ticket-orders.e2e-spec.ts; sprint3-wave4-participant.spec.ts; wave-a-scan.spec.ts
V51-079,80,Paiements & monétisation,Stripe Checkout,Créer session de paiement pour billets.,Inclure metadata event/ticket/buyer.,☐,MVP/Plan D,Critique,API/Web,BACKEND_COMPLETE,FRONTEND_PLACEHOLDER,NOT_INTEGRATED,API_E2E_ONLY,PLACEHOLDER,BACKEND_ONLY,HIGH,DESIRABLE,TicketOrder/hold state machine; provider decision; external payment readiness gate,MEDIUM,M,Stripe checkout remains backend legacy; active paid UI uses ticket orders/PayPal and /checkout is a placeholder.,K — Payment Readiness / legacy decision,src/modules/payments; src/modules/tickets/orders,src/features/payments; src/components/tickets/PurchaseModal.tsx; src/app/(public)/paiement; checkout placeholder,src/modules/payments/**/*.spec.ts; test/ticket-orders.e2e-spec.ts; e2e/paypal-payment-pages.spec.ts
V51-080,81,Paiements & monétisation,Webhook Stripe HMAC,Recevoir confirmation de paiement.,Raw body + signature Stripe obligatoire.,☐,MVP/Plan D,Critique,API/Web,BACKEND_COMPLETE,N/A,N/A,UNIT_ONLY,INTERNAL_ONLY,PARTIAL,HIGH,DESIRABLE,TicketOrder/hold state machine; provider decision; external payment readiness gate,LOW,M,"Signature logic is unit-tested, but no externally signed Stripe webhook flow is evidenced.",K — Payment Readiness / legacy decision,src/modules/payments; src/modules/tickets/orders,src/features/payments; src/components/tickets/PurchaseModal.tsx; src/app/(public)/paiement; checkout placeholder,src/modules/payments/**/*.spec.ts; test/ticket-orders.e2e-spec.ts; e2e/paypal-payment-pages.spec.ts
V51-081,82,Paiements & monétisation,Idempotence webhook,Éviter double création sur retry webhook.,Contrainte unique paymentIntent + transaction.,☐,MVP/Plan D,Critique,API/Web,BACKEND_COMPLETE,N/A,N/A,API_E2E_ONLY,INTERNAL_ONLY,IMPLEMENTED,HIGH,DESIRABLE,TicketOrder/hold state machine; provider decision; external payment readiness gate,LOW,N/A,None material for the v5.1 row as scoped.,Maintenance only,src/modules/payments; src/modules/tickets/orders,src/features/payments; src/components/tickets/PurchaseModal.tsx; src/app/(public)/paiement; checkout placeholder,src/modules/payments/**/*.spec.ts; test/ticket-orders.e2e-spec.ts; e2e/paypal-payment-pages.spec.ts
V51-082,83,Paiements & monétisation,Remboursement billet,Rembourser un achat individuel.,Vérifier statut valid et ownership event.,☐,MVP/Plan D,Critique,API/Web,BACKEND_COMPLETE,FRONTEND_ABSENT,NOT_INTEGRATED,API_E2E_ONLY,NOT_ACCESSIBLE,BACKEND_ONLY,HIGH,BLOCKER,TicketOrder/hold state machine; provider decision; external payment readiness gate,HIGH,M,"Refund endpoint exists, but there is no frontend action.",K — Refund operations,src/modules/payments; src/modules/tickets/orders,src/features/payments; src/components/tickets/PurchaseModal.tsx; src/app/(public)/paiement; checkout placeholder,src/modules/payments/**/*.spec.ts; test/ticket-orders.e2e-spec.ts; e2e/paypal-payment-pages.spec.ts
V51-083,84,Paiements & monétisation,Mode Stripe non configuré,API démarre sans Stripe en dev.,Retourner 503 sur endpoints Stripe.,☐,MVP/Plan D,Critique,API/Web,BACKEND_COMPLETE,N/A,N/A,API_E2E_ONLY,INTERNAL_ONLY,IMPLEMENTED,HIGH,DESIRABLE,TicketOrder/hold state machine; provider decision; external payment readiness gate,LOW,N/A,None material for the v5.1 row as scoped.,Maintenance only,src/modules/payments; src/modules/tickets/orders,src/features/payments; src/components/tickets/PurchaseModal.tsx; src/app/(public)/paiement; checkout placeholder,src/modules/payments/**/*.spec.ts; test/ticket-orders.e2e-spec.ts; e2e/paypal-payment-pages.spec.ts
V51-084,85,Paiements & monétisation,"Frais fixes 1,49 CAD",Ajouter frais plateforme par billet.,"Calcul côté backend, afficher transparence.",☐,MVP/Plan D,Critique,API/Web,BACKEND_ABSENT,FRONTEND_ABSENT,NOT_INTEGRATED,NO_TEST,NOT_ACCESSIBLE,ABSENT,HIGH,DESIRABLE,TicketOrder/hold state machine; provider decision; external payment readiness gate,MEDIUM,L,The planned fixed fee is not encoded as a confirmed commercial rule.,Product decision before K,src/modules/payments; src/modules/tickets/orders,src/features/payments; src/components/tickets/PurchaseModal.tsx; src/app/(public)/paiement; checkout placeholder,src/modules/payments/**/*.spec.ts; test/ticket-orders.e2e-spec.ts; e2e/paypal-payment-pages.spec.ts
V51-085,86,Paiements & monétisation,Commission billetterie 6 %,Prélever commission sur billet.,"Calcul contrôlé backend, audit montants.",☐,MVP/Plan D,Critique,API/Web,BACKEND_ABSENT,FRONTEND_ABSENT,NOT_INTEGRATED,NO_TEST,NOT_ACCESSIBLE,ABSENT,HIGH,DESIRABLE,TicketOrder/hold state machine; provider decision; external payment readiness gate,MEDIUM,L,The planned 6% commission is not encoded as a confirmed commercial rule.,Product decision before K,src/modules/payments; src/modules/tickets/orders,src/features/payments; src/components/tickets/PurchaseModal.tsx; src/app/(public)/paiement; checkout placeholder,src/modules/payments/**/*.spec.ts; test/ticket-orders.e2e-spec.ts; e2e/paypal-payment-pages.spec.ts
V51-086,87,Paiements & monétisation,Remboursement frais,Définir politique de remboursement frais.,Appliquer règle produit et tests.,☐,MVP/Plan D,Critique,API/Web,BACKEND_ABSENT,FRONTEND_ABSENT,NOT_INTEGRATED,NO_TEST,NOT_ACCESSIBLE,ABSENT,HIGH,DESIRABLE,TicketOrder/hold state machine; provider decision; external payment readiness gate,MEDIUM,L,No policy or orchestration refunds platform fees.,Product decision before K,src/modules/payments; src/modules/tickets/orders,src/features/payments; src/components/tickets/PurchaseModal.tsx; src/app/(public)/paiement; checkout placeholder,src/modules/payments/**/*.spec.ts; test/ticket-orders.e2e-spec.ts; e2e/paypal-payment-pages.spec.ts
V51-087,88,Paiements & monétisation,Historique paiements utilisateur,Lister achats et remboursements.,Settings ou dashboard participant.,☐,MVP/Plan D,Critique,API/Web,BACKEND_COMPLETE,FRONTEND_PARTIAL,PARTIALLY_INTEGRATED,E2E_PARTIAL,ROLE_ACCESSIBLE,PARTIAL,HIGH,DESIRABLE,TicketOrder/hold state machine; provider decision; external payment readiness gate,LOW,M,"Orders can be listed by the API, but the product only exposes tickets, not a payment/order history.",K — Payment readiness & monetization,src/modules/payments; src/modules/tickets/orders,src/features/payments; src/components/tickets/PurchaseModal.tsx; src/app/(public)/paiement; checkout placeholder,src/modules/payments/**/*.spec.ts; test/ticket-orders.e2e-spec.ts; e2e/paypal-payment-pages.spec.ts
V51-088,89,Paiements & monétisation,Historique revenus organisateur,Lister revenus par événement.,Dashboard analytics.,☐,MVP/Plan D,Critique,API/Web,BACKEND_ABSENT,FRONTEND_ABSENT,NOT_INTEGRATED,NO_TEST,NOT_ACCESSIBLE,ABSENT,HIGH,DESIRABLE,TicketOrder/hold state machine; provider decision; external payment readiness gate,MEDIUM,L,No organizer revenue ledger or UI exists.,K — Payment readiness & monetization,src/modules/payments; src/modules/tickets/orders,src/features/payments; src/components/tickets/PurchaseModal.tsx; src/app/(public)/paiement; checkout placeholder,src/modules/payments/**/*.spec.ts; test/ticket-orders.e2e-spec.ts; e2e/paypal-payment-pages.spec.ts
V51-089,90,Paiements & monétisation,Stripe Subscriptions,Abonnements premium et plans pro.,"Plan D, webhooks subscription.",☐,MVP/Plan D,Critique,API/Web,BACKEND_ABSENT,FRONTEND_ABSENT,NOT_INTEGRATED,NO_TEST,NOT_ACCESSIBLE,ABSENT,HIGH,DESIRABLE,TicketOrder/hold state machine; provider decision; external payment readiness gate,MEDIUM,L,No subscription workflow exists.,K — Payment readiness & monetization,src/modules/payments; src/modules/tickets/orders,src/features/payments; src/components/tickets/PurchaseModal.tsx; src/app/(public)/paiement; checkout placeholder,src/modules/payments/**/*.spec.ts; test/ticket-orders.e2e-spec.ts; e2e/paypal-payment-pages.spec.ts
V51-090,91,Paiements & monétisation,Premium prestataires,Facturer visibilité premium.,"29 CAD/mois, statut actif.",☐,MVP/Plan D,Critique,API/Web,BACKEND_ABSENT,FRONTEND_ABSENT,NOT_INTEGRATED,NO_TEST,NOT_ACCESSIBLE,ABSENT,HIGH,DESIRABLE,TicketOrder/hold state machine; provider decision; external payment readiness gate,MEDIUM,L,"Premium flag exists on profiles, but no purchase/subscription lifecycle exists.",Phase 2 — Monetization,src/modules/payments; src/modules/tickets/orders,src/features/payments; src/components/tickets/PurchaseModal.tsx; src/app/(public)/paiement; checkout placeholder,src/modules/payments/**/*.spec.ts; test/ticket-orders.e2e-spec.ts; e2e/paypal-payment-pages.spec.ts
V51-091,92,Paiements & monétisation,Plan Pro organisateur,Facturer fonctionnalités avancées.,149-299 CAD/an ou plan annuel.,☐,MVP/Plan D,Critique,API/Web,BACKEND_ABSENT,FRONTEND_ABSENT,NOT_INTEGRATED,NO_TEST,NOT_ACCESSIBLE,ABSENT,HIGH,DESIRABLE,TicketOrder/hold state machine; provider decision; external payment readiness gate,MEDIUM,L,No organizer Pro plan lifecycle exists.,Phase 2 — Monetization,src/modules/payments; src/modules/tickets/orders,src/features/payments; src/components/tickets/PurchaseModal.tsx; src/app/(public)/paiement; checkout placeholder,src/modules/payments/**/*.spec.ts; test/ticket-orders.e2e-spec.ts; e2e/paypal-payment-pages.spec.ts
V51-092,93,Paiements & monétisation,Page tarification,Afficher modèle freemium et frais.,"Landing + app, transparence prix.",☐,MVP/Plan D,Critique,API/Web,BACKEND_ABSENT,FRONTEND_PLACEHOLDER,NOT_INTEGRATED,WEB_COMPONENT_ONLY,PLACEHOLDER,PLACEHOLDER,HIGH,DESIRABLE,TicketOrder/hold state machine; provider decision; external payment readiness gate,LOW,M,Public pricing route is a placeholder.,G — Pricing and role lifecycle,src/modules/payments; src/modules/tickets/orders,src/features/payments; src/components/tickets/PurchaseModal.tsx; src/app/(public)/paiement; checkout placeholder,src/modules/payments/**/*.spec.ts; test/ticket-orders.e2e-spec.ts; e2e/paypal-payment-pages.spec.ts
V51-093,94,Invités,Lister invités,Afficher les invités d’un événement.,Pagination + ownership.,☐,MVP,Moyenne,API/Web,BACKEND_COMPLETE,FRONTEND_COMPLETE,INTEGRATED,E2E_COMPLETE,ROLE_ACCESSIBLE,IMPLEMENTED,CRITICAL,BLOCKER,Event ownership; Guest uniqueness; invitation lifecycle,HIGH,N/A,None material for the v5.1 row as scoped.,Maintenance only,src/modules/guests,src/features/guests; workspace acces-et-inscriptions,src/modules/guests/*.spec.ts; test/guests-pagination.e2e-spec.ts; e2e/functional/system/notifications-guests.spec.ts
V51-094,95,Invités,Ajouter invité,Ajouter un invité manuellement.,Validation email et doublon par événement.,☐,MVP,Moyenne,API/Web,BACKEND_COMPLETE,FRONTEND_COMPLETE,INTEGRATED,E2E_COMPLETE,ROLE_ACCESSIBLE,IMPLEMENTED,CRITICAL,BLOCKER,Event ownership; Guest uniqueness; invitation lifecycle,HIGH,N/A,None material for the v5.1 row as scoped.,Maintenance only,src/modules/guests,src/features/guests; workspace acces-et-inscriptions,src/modules/guests/*.spec.ts; test/guests-pagination.e2e-spec.ts; e2e/functional/system/notifications-guests.spec.ts
V51-095,96,Invités,Modifier invité,Modifier statut ou note.,Statuts invited/confirmed/declined/present.,☐,MVP,Moyenne,API/Web,BACKEND_COMPLETE,FRONTEND_COMPLETE,INTEGRATED,E2E_COMPLETE,ROLE_ACCESSIBLE,IMPLEMENTED,CRITICAL,BLOCKER,Event ownership; Guest uniqueness; invitation lifecycle,HIGH,N/A,None material for the v5.1 row as scoped.,Maintenance only,src/modules/guests,src/features/guests; workspace acces-et-inscriptions,src/modules/guests/*.spec.ts; test/guests-pagination.e2e-spec.ts; e2e/functional/system/notifications-guests.spec.ts
V51-096,97,Invités,Supprimer invité,Retirer un invité.,Ownership obligatoire.,☐,MVP,Moyenne,API/Web,BACKEND_COMPLETE,FRONTEND_COMPLETE,INTEGRATED,E2E_COMPLETE,ROLE_ACCESSIBLE,IMPLEMENTED,CRITICAL,BLOCKER,Event ownership; Guest uniqueness; invitation lifecycle,HIGH,N/A,None material for the v5.1 row as scoped.,Maintenance only,src/modules/guests,src/features/guests; workspace acces-et-inscriptions,src/modules/guests/*.spec.ts; test/guests-pagination.e2e-spec.ts; e2e/functional/system/notifications-guests.spec.ts
V51-097,98,Invités,Bulk create invités,Ajouter jusqu’à 100 invités.,Validation partielle et rapport erreurs.,☐,MVP,Moyenne,API/Web,BACKEND_COMPLETE,FRONTEND_ABSENT,NOT_INTEGRATED,API_E2E_ONLY,NOT_ACCESSIBLE,BACKEND_ONLY,MEDIUM,DESIRABLE,Event ownership; Guest uniqueness; invitation lifecycle,MEDIUM,M,"Bulk Guests endpoint exists, but no frontend client/action consumes it.",I — Event operations completion,src/modules/guests,src/features/guests; workspace acces-et-inscriptions,src/modules/guests/*.spec.ts; test/guests-pagination.e2e-spec.ts; e2e/functional/system/notifications-guests.spec.ts
V51-098,99,Invités,Import CSV invités,Importer fichier CSV.,"Parsing, prévisualisation, confirmation.",☐,MVP,Moyenne,API/Web,BACKEND_ABSENT,FRONTEND_ABSENT,NOT_INTEGRATED,NO_TEST,NOT_ACCESSIBLE,ABSENT,MEDIUM,DESIRABLE,Event ownership; Guest uniqueness; invitation lifecycle,MEDIUM,L,No CSV parser/import endpoint or UI exists.,I — Event operations completion,src/modules/guests,src/features/guests; workspace acces-et-inscriptions,src/modules/guests/*.spec.ts; test/guests-pagination.e2e-spec.ts; e2e/functional/system/notifications-guests.spec.ts
V51-099,100,Invités,Prévisualisation CSV,Afficher lignes valides/invalides avant import.,UI drag drop + mapping colonnes.,☐,MVP,Moyenne,API/Web,BACKEND_ABSENT,FRONTEND_ABSENT,NOT_INTEGRATED,NO_TEST,NOT_ACCESSIBLE,ABSENT,MEDIUM,DESIRABLE,Event ownership; Guest uniqueness; invitation lifecycle,MEDIUM,L,No CSV preview UI exists.,I — Event operations completion,src/modules/guests,src/features/guests; workspace acces-et-inscriptions,src/modules/guests/*.spec.ts; test/guests-pagination.e2e-spec.ts; e2e/functional/system/notifications-guests.spec.ts
V51-100,101,Discovery & recherche,Catalogue événements,Découvrir les événements publiés.,"Seulement published/public, pagination.",☐,MVP,Moyenne,API/Web,BACKEND_COMPLETE,FRONTEND_COMPLETE,INTEGRATED,E2E_COMPLETE,USER_ACCESSIBLE,IMPLEMENTED,CRITICAL,BLOCKER,Public projections; bounded filters/pagination; routable Web result surface,HIGH,N/A,None material for the v5.1 row as scoped.,Maintenance only,src/modules/discovery; src/modules/events/vendors/venues public queries,src/app/(public)/evenements|prestataires|lieux; src/components/public; /evenements/recherche placeholder,src/modules/discovery/*.spec.ts; test/discovery-hardening.e2e-spec.ts; public catalog browser suites
V51-101,102,Discovery & recherche,Catalogue prestataires public,Découvrir prestataires actifs.,Filtres q/category/serviceArea.,☐,MVP,Moyenne,API/Web,BACKEND_COMPLETE,FRONTEND_COMPLETE,INTEGRATED,E2E_COMPLETE,USER_ACCESSIBLE,IMPLEMENTED,CRITICAL,BLOCKER,Public projections; bounded filters/pagination; routable Web result surface,HIGH,N/A,None material for the v5.1 row as scoped.,Maintenance only,src/modules/discovery; src/modules/events/vendors/venues public queries,src/app/(public)/evenements|prestataires|lieux; src/components/public; /evenements/recherche placeholder,src/modules/discovery/*.spec.ts; test/discovery-hardening.e2e-spec.ts; public catalog browser suites
V51-102,103,Discovery & recherche,Catalogue lieux public,Découvrir lieux actifs.,Filtres q/city/capacity.,☐,MVP,Moyenne,API/Web,BACKEND_COMPLETE,FRONTEND_COMPLETE,INTEGRATED,E2E_COMPLETE,USER_ACCESSIBLE,IMPLEMENTED,CRITICAL,BLOCKER,Public projections; bounded filters/pagination; routable Web result surface,HIGH,N/A,None material for the v5.1 row as scoped.,Maintenance only,src/modules/discovery; src/modules/events/vendors/venues public queries,src/app/(public)/evenements|prestataires|lieux; src/components/public; /evenements/recherche placeholder,src/modules/discovery/*.spec.ts; test/discovery-hardening.e2e-spec.ts; public catalog browser suites
V51-103,104,Discovery & recherche,Recherche multi-entités,"Chercher événements, prestataires, lieux.",Endpoint /discovery/search.,☐,MVP,Moyenne,API/Web,BACKEND_COMPLETE,FRONTEND_PLACEHOLDER,NOT_INTEGRATED,API_E2E_ONLY,PLACEHOLDER,BACKEND_ONLY,MEDIUM,DESIRABLE,Public projections; bounded filters/pagination; routable Web result surface,MEDIUM,M,"Multi-entity Discovery API is complete, while /evenements/recherche remains a placeholder and SearchBar is dead code.",H — Discovery & public search,src/modules/discovery; src/modules/events/vendors/venues public queries,src/app/(public)/evenements|prestataires|lieux; src/components/public; /evenements/recherche placeholder,src/modules/discovery/*.spec.ts; test/discovery-hardening.e2e-spec.ts; public catalog browser suites
V51-104,105,Discovery & recherche,Featured events,Afficher événements mis en avant.,Algorithme simple MVP.,☐,MVP,Moyenne,API/Web,BACKEND_COMPLETE,FRONTEND_COMPLETE,INTEGRATED,E2E_COMPLETE,USER_ACCESSIBLE,IMPLEMENTED,MEDIUM,DESIRABLE,Public projections; bounded filters/pagination; routable Web result surface,LOW,N/A,None material for the v5.1 row as scoped.,Maintenance only,src/modules/discovery; src/modules/events/vendors/venues public queries,src/app/(public)/evenements|prestataires|lieux; src/components/public; /evenements/recherche placeholder,src/modules/discovery/*.spec.ts; test/discovery-hardening.e2e-spec.ts; public catalog browser suites
V51-105,106,Discovery & recherche,Filtres date,Filtrer événements par date.,Paramètres from/to.,☐,MVP,Moyenne,API/Web,BACKEND_ABSENT,FRONTEND_ABSENT,NOT_INTEGRATED,NO_TEST,NOT_ACCESSIBLE,ABSENT,MEDIUM,DESIRABLE,Public projections; bounded filters/pagination; routable Web result surface,MEDIUM,L,"A dead SearchBar contains a date field, but no active route or backend date filter consumes it.",H — Discovery & public search,src/modules/discovery; src/modules/events/vendors/venues public queries,src/app/(public)/evenements|prestataires|lieux; src/components/public; /evenements/recherche placeholder,src/modules/discovery/*.spec.ts; test/discovery-hardening.e2e-spec.ts; public catalog browser suites
V51-106,107,Discovery & recherche,Filtres prix,Filtrer événements par prix.,Agrégation types de billets.,☐,MVP,Moyenne,API/Web,BACKEND_PARTIAL,FRONTEND_PARTIAL,PARTIALLY_INTEGRATED,E2E_PARTIAL,USER_ACCESSIBLE,PARTIAL,MEDIUM,DESIRABLE,Public projections; bounded filters/pagination; routable Web result surface,LOW,M,Vendor price filtering works; equivalent event/venue price filtering is not a cross-catalog capability.,H — Discovery & public search,src/modules/discovery; src/modules/events/vendors/venues public queries,src/app/(public)/evenements|prestataires|lieux; src/components/public; /evenements/recherche placeholder,src/modules/discovery/*.spec.ts; test/discovery-hardening.e2e-spec.ts; public catalog browser suites
V51-107,108,Discovery & recherche,Filtres capacité,Filtrer lieux par capacité.,Index capacité.,☐,MVP,Moyenne,API/Web,BACKEND_COMPLETE,FRONTEND_COMPLETE,INTEGRATED,E2E_COMPLETE,USER_ACCESSIBLE,IMPLEMENTED,MEDIUM,DESIRABLE,Public projections; bounded filters/pagination; routable Web result surface,LOW,N/A,None material for the v5.1 row as scoped.,Maintenance only,src/modules/discovery; src/modules/events/vendors/venues public queries,src/app/(public)/evenements|prestataires|lieux; src/components/public; /evenements/recherche placeholder,src/modules/discovery/*.spec.ts; test/discovery-hardening.e2e-spec.ts; public catalog browser suites
V51-108,109,Favoris,Ajouter favori événement,Sauvegarder un événement.,"targetType event, unique user/target.",☐,MVP,Haute,API/Web,BACKEND_COMPLETE,FRONTEND_COMPLETE,INTEGRATED,E2E_COMPLETE,ROLE_ACCESSIBLE,IMPLEMENTED,CRITICAL,BLOCKER,Authenticated user; canonical favorites contract; public target projection,HIGH,N/A,None material for the v5.1 row as scoped.,Maintenance only,src/modules/favorites,src/features/favorites; FavoriteButton.tsx; tableau-de-bord/favoris,src/modules/favorites/*.spec.ts; e2e/functional/wave-a-favorites.spec.ts
V51-109,110,Favoris,Ajouter favori prestataire,Sauvegarder un prestataire.,targetType vendor.,☐,MVP,Haute,API/Web,BACKEND_COMPLETE,FRONTEND_COMPLETE,INTEGRATED,E2E_COMPLETE,ROLE_ACCESSIBLE,IMPLEMENTED,CRITICAL,BLOCKER,Authenticated user; canonical favorites contract; public target projection,HIGH,N/A,None material for the v5.1 row as scoped.,Maintenance only,src/modules/favorites,src/features/favorites; FavoriteButton.tsx; tableau-de-bord/favoris,src/modules/favorites/*.spec.ts; e2e/functional/wave-a-favorites.spec.ts
V51-110,111,Favoris,Ajouter favori lieu,Sauvegarder un lieu.,targetType venue.,☐,MVP,Haute,API/Web,BACKEND_COMPLETE,FRONTEND_COMPLETE,INTEGRATED,E2E_COMPLETE,ROLE_ACCESSIBLE,IMPLEMENTED,CRITICAL,BLOCKER,Authenticated user; canonical favorites contract; public target projection,HIGH,N/A,None material for the v5.1 row as scoped.,Maintenance only,src/modules/favorites,src/features/favorites; FavoriteButton.tsx; tableau-de-bord/favoris,src/modules/favorites/*.spec.ts; e2e/functional/wave-a-favorites.spec.ts
V51-111,112,Favoris,Retirer favori,Supprimer un favori.,Aligner route API/Web.,☐,MVP,Haute,API/Web,BACKEND_COMPLETE,FRONTEND_COMPLETE,INTEGRATED,E2E_COMPLETE,ROLE_ACCESSIBLE,IMPLEMENTED,CRITICAL,BLOCKER,Authenticated user; canonical favorites contract; public target projection,HIGH,N/A,None material for the v5.1 row as scoped.,Maintenance only,src/modules/favorites,src/features/favorites; FavoriteButton.tsx; tableau-de-bord/favoris,src/modules/favorites/*.spec.ts; e2e/functional/wave-a-favorites.spec.ts
V51-112,113,Notifications,Créer notification,Créer notification in-app.,Service centralisé create.,☐,MVP/Plan D,Moyenne,API/Web,BACKEND_PARTIAL,N/A,N/A,E2E_PARTIAL,INTERNAL_ONLY,PARTIAL,MEDIUM,REQUIRED,Notification persistence; complete business-event producers; routed Web actions and preferences,LOW,M,"The persistence service is generic, but only a subset of business transitions creates records.",F — Notifications & communications,src/modules/notifications; producers limited to vendors.service.ts and venues.service.ts,src/components/notifications/NotificationBell.tsx; src/features/notifications; Sidebar.tsx; Topbar.tsx,src/modules/notifications/*.spec.ts; test/notifications.e2e-spec.ts; e2e/functional/system/notifications-guests.spec.ts
V51-113,114,Notifications,Lister notifications,Afficher mes notifications.,Pagination + filtre non lu.,☐,MVP/Plan D,Moyenne,API/Web,BACKEND_COMPLETE,FRONTEND_COMPLETE,INTEGRATED,E2E_COMPLETE,ROLE_ACCESSIBLE,IMPLEMENTED,MEDIUM,DESIRABLE,Notification persistence; complete business-event producers; routed Web actions and preferences,LOW,N/A,None material for the v5.1 row as scoped.,Maintenance only,src/modules/notifications; producers limited to vendors.service.ts and venues.service.ts,src/components/notifications/NotificationBell.tsx; src/features/notifications; Sidebar.tsx; Topbar.tsx,src/modules/notifications/*.spec.ts; test/notifications.e2e-spec.ts; e2e/functional/system/notifications-guests.spec.ts
V51-114,115,Notifications,Compteur non lu,Badge sidebar.,Endpoint countUnread.,☐,MVP/Plan D,Moyenne,API/Web,BACKEND_COMPLETE,FRONTEND_COMPLETE,INTEGRATED,E2E_COMPLETE,ROLE_ACCESSIBLE,IMPLEMENTED,MEDIUM,DESIRABLE,Notification persistence; complete business-event producers; routed Web actions and preferences,LOW,N/A,None material for the v5.1 row as scoped.,Maintenance only,src/modules/notifications; producers limited to vendors.service.ts and venues.service.ts,src/components/notifications/NotificationBell.tsx; src/features/notifications; Sidebar.tsx; Topbar.tsx,src/modules/notifications/*.spec.ts; test/notifications.e2e-spec.ts; e2e/functional/system/notifications-guests.spec.ts
V51-115,116,Notifications,Marquer comme lu,Lire une notification.,PATCH /:id/read.,☐,MVP/Plan D,Moyenne,API/Web,BACKEND_COMPLETE,FRONTEND_ABSENT,NOT_INTEGRATED,API_E2E_ONLY,NOT_ACCESSIBLE,BACKEND_ONLY,MEDIUM,REQUIRED,Notification persistence; complete business-event producers; routed Web actions and preferences,MEDIUM,M,"API and client method exist, but the notification panel never invokes markRead for one item.",F — Notifications & communications,src/modules/notifications; producers limited to vendors.service.ts and venues.service.ts,src/components/notifications/NotificationBell.tsx; src/features/notifications; Sidebar.tsx; Topbar.tsx,src/modules/notifications/*.spec.ts; test/notifications.e2e-spec.ts; e2e/functional/system/notifications-guests.spec.ts
V51-116,117,Notifications,Tout marquer comme lu,Action globale.,PATCH /read-all.,☐,MVP/Plan D,Moyenne,API/Web,BACKEND_COMPLETE,FRONTEND_COMPLETE,INTEGRATED,E2E_COMPLETE,ROLE_ACCESSIBLE,IMPLEMENTED,MEDIUM,DESIRABLE,Notification persistence; complete business-event producers; routed Web actions and preferences,LOW,N/A,None material for the v5.1 row as scoped.,Maintenance only,src/modules/notifications; producers limited to vendors.service.ts and venues.service.ts,src/components/notifications/NotificationBell.tsx; src/features/notifications; Sidebar.tsx; Topbar.tsx,src/modules/notifications/*.spec.ts; test/notifications.e2e-spec.ts; e2e/functional/system/notifications-guests.spec.ts
V51-117,118,Notifications,Cloche notifications,Dropdown dans sidebar.,Refresh périodique ou invalidation.,☐,MVP/Plan D,Moyenne,API/Web,BACKEND_COMPLETE,FRONTEND_PARTIAL,PARTIALLY_INTEGRATED,E2E_PARTIAL,ROLE_ACCESSIBLE,PARTIAL,MEDIUM,REQUIRED,Notification persistence; complete business-event producers; routed Web actions and preferences,LOW,M,"Bell is mounted in authenticated shells, but has no item deep links, individual actions or full notification center.",F — Notifications & communications,src/modules/notifications; producers limited to vendors.service.ts and venues.service.ts,src/components/notifications/NotificationBell.tsx; src/features/notifications; Sidebar.tsx; Topbar.tsx,src/modules/notifications/*.spec.ts; test/notifications.e2e-spec.ts; e2e/functional/system/notifications-guests.spec.ts
V51-118,119,Notifications,Réponse prestataire,Notifier organisateur après réponse.,Trigger service vendor.,☐,MVP/Plan D,Moyenne,API/Web,BACKEND_COMPLETE,FRONTEND_COMPLETE,INTEGRATED,E2E_COMPLETE,ROLE_ACCESSIBLE,IMPLEMENTED,MEDIUM,DESIRABLE,Notification persistence; complete business-event producers; routed Web actions and preferences,LOW,N/A,None material for the v5.1 row as scoped.,Maintenance only,src/modules/notifications; producers limited to vendors.service.ts and venues.service.ts,src/components/notifications/NotificationBell.tsx; src/features/notifications; Sidebar.tsx; Topbar.tsx,src/modules/notifications/*.spec.ts; test/notifications.e2e-spec.ts; e2e/functional/system/notifications-guests.spec.ts
V51-119,120,Notifications,Réponse lieu,Notifier organisateur après réponse.,Trigger service venue.,☐,MVP/Plan D,Moyenne,API/Web,BACKEND_COMPLETE,FRONTEND_PARTIAL,PARTIALLY_INTEGRATED,E2E_PARTIAL,ROLE_ACCESSIBLE,PARTIAL,MEDIUM,REQUIRED,Notification persistence; complete business-event producers; routed Web actions and preferences,LOW,M,"Venue response creates a record, but the full browser notification chain is not specifically proven.",F — Notifications & communications,src/modules/notifications; producers limited to vendors.service.ts and venues.service.ts,src/components/notifications/NotificationBell.tsx; src/features/notifications; Sidebar.tsx; Topbar.tsx,src/modules/notifications/*.spec.ts; test/notifications.e2e-spec.ts; e2e/functional/system/notifications-guests.spec.ts
V51-120,121,Emails transactionnels,Email bienvenue,Envoyer email après inscription.,Template HTML échappé.,☐,MVP/Plan D,Haute,API,BACKEND_STUB,N/A,NOT_INTEGRATED,UNIT_ONLY,INTERNAL_ONLY,PARTIAL,HIGH,REQUIRED,Email provider/configuration; business triggers; delivery observability and templates,LOW,M,sendWelcome exists only as an unused service method.,F — Notifications & communications,src/modules/emails/emails.service.ts; callers in auth/invitations/vendors/venues/payments,N/A; frontend only reflects a subset of send states,src/modules/emails/emails.service.spec.ts; caller unit tests; no external-delivery E2E
V51-121,122,Emails transactionnels,Email vérification,Envoyer lien verify email.,Token 24h et URL frontend.,☐,MVP/Plan D,Haute,API,BACKEND_COMPLETE,FRONTEND_PARTIAL,PARTIALLY_INTEGRATED,E2E_PARTIAL,ROLE_ACCESSIBLE,PARTIAL,CRITICAL,REQUIRED,Email provider/configuration; business triggers; delivery observability and templates,HIGH,M,Trigger/template exist; external delivery and delivered-link browser flow are unverified.,F — Notifications & communications,src/modules/emails/emails.service.ts; callers in auth/invitations/vendors/venues/payments,N/A; frontend only reflects a subset of send states,src/modules/emails/emails.service.spec.ts; caller unit tests; no external-delivery E2E
V51-122,123,Emails transactionnels,Email reset password,Envoyer lien reset.,Token 1h.,☐,MVP/Plan D,Haute,API,BACKEND_COMPLETE,FRONTEND_PARTIAL,PARTIALLY_INTEGRATED,UNIT_ONLY,ROLE_ACCESSIBLE,PARTIAL,CRITICAL,REQUIRED,Email provider/configuration; business triggers; delivery observability and templates,HIGH,M,Trigger/template exist; external delivery is unverified.,F — Notifications & communications,src/modules/emails/emails.service.ts; callers in auth/invitations/vendors/venues/payments,N/A; frontend only reflects a subset of send states,src/modules/emails/emails.service.spec.ts; caller unit tests; no external-delivery E2E
V51-123,124,Emails transactionnels,Email confirmation billet,Envoyer billet et QR.,Inclure détails événement.,☐,MVP/Plan D,Haute,API,BACKEND_PARTIAL,FRONTEND_PARTIAL,PARTIALLY_INTEGRATED,UNIT_ONLY,ROLE_ACCESSIBLE,PARTIAL,CRITICAL,BLOCKER,Email provider/configuration; business triggers; delivery observability and templates,HIGH,M,Triggered by legacy Stripe finalization; PayPal order issuance does not prove external mail delivery.,F — Notifications & communications,src/modules/emails/emails.service.ts; callers in auth/invitations/vendors/venues/payments,N/A; frontend only reflects a subset of send states,src/modules/emails/emails.service.spec.ts; caller unit tests; no external-delivery E2E
V51-124,125,Emails transactionnels,Email invitation prestataire,Inviter prestataire hors plateforme.,Lien acceptation token.,☐,MVP/Plan D,Haute,API,BACKEND_PARTIAL,FRONTEND_PARTIAL,PARTIALLY_INTEGRATED,E2E_PARTIAL,ROLE_ACCESSIBLE,PARTIAL,HIGH,REQUIRED,Email provider/configuration; business triggers; delivery observability and templates,LOW,M,"Provider-request email exists, but this is not a complete secure invitation lifecycle.",F — Notifications & communications,src/modules/emails/emails.service.ts; callers in auth/invitations/vendors/venues/payments,N/A; frontend only reflects a subset of send states,src/modules/emails/emails.service.spec.ts; caller unit tests; no external-delivery E2E
V51-125,126,Emails transactionnels,Email invitation lieu,Inviter gestionnaire lieu hors plateforme.,Lien acceptation token.,☐,MVP/Plan D,Haute,API,BACKEND_ABSENT,FRONTEND_ABSENT,NOT_INTEGRATED,NO_TEST,NOT_ACCESSIBLE,ABSENT,HIGH,REQUIRED,Email provider/configuration; business triggers; delivery observability and templates,MEDIUM,L,No new venue-booking email trigger to the venue manager was found.,F — Notifications & communications,src/modules/emails/emails.service.ts; callers in auth/invitations/vendors/venues/payments,N/A; frontend only reflects a subset of send states,src/modules/emails/emails.service.spec.ts; caller unit tests; no external-delivery E2E
V51-126,127,Emails transactionnels,Email réponse prestataire,Informer organisateur.,Trigger après respond.,☐,MVP/Plan D,Haute,API,BACKEND_PARTIAL,FRONTEND_PARTIAL,PARTIALLY_INTEGRATED,E2E_PARTIAL,ROLE_ACCESSIBLE,PARTIAL,HIGH,REQUIRED,Email provider/configuration; business triggers; delivery observability and templates,LOW,M,Accepted vendor responses send email; declined responses do not.,F — Notifications & communications,src/modules/emails/emails.service.ts; callers in auth/invitations/vendors/venues/payments,N/A; frontend only reflects a subset of send states,src/modules/emails/emails.service.spec.ts; caller unit tests; no external-delivery E2E
V51-127,128,Emails transactionnels,Email réponse lieu,Informer organisateur.,Trigger après booking response.,☐,MVP/Plan D,Haute,API,BACKEND_COMPLETE,FRONTEND_PARTIAL,PARTIALLY_INTEGRATED,E2E_PARTIAL,ROLE_ACCESSIBLE,PARTIAL,HIGH,REQUIRED,Email provider/configuration; business triggers; delivery observability and templates,LOW,M,"Response email exists, but external delivery is unverified.",F — Notifications & communications,src/modules/emails/emails.service.ts; callers in auth/invitations/vendors/venues/payments,N/A; frontend only reflects a subset of send states,src/modules/emails/emails.service.spec.ts; caller unit tests; no external-delivery E2E
V51-128,129,Emails transactionnels,Email remboursement,Informer acheteur remboursement.,Trigger refund.,☐,MVP/Plan D,Haute,API,BACKEND_ABSENT,FRONTEND_ABSENT,NOT_INTEGRATED,NO_TEST,NOT_ACCESSIBLE,ABSENT,HIGH,BLOCKER,Email provider/configuration; business triggers; delivery observability and templates,HIGH,L,No refund email trigger exists.,F — Notifications & communications,src/modules/emails/emails.service.ts; callers in auth/invitations/vendors/venues/payments,N/A; frontend only reflects a subset of send states,src/modules/emails/emails.service.spec.ts; caller unit tests; no external-delivery E2E
V51-129,130,Emails transactionnels,Email annulation événement,Informer acheteurs et parties prenantes.,Workflow annulation.,☐,MVP/Plan D,Haute,API,BACKEND_ABSENT,FRONTEND_ABSENT,NOT_INTEGRATED,NO_TEST,NOT_ACCESSIBLE,ABSENT,HIGH,REQUIRED,Email provider/configuration; business triggers; delivery observability and templates,MEDIUM,L,No event-cancellation email trigger exists.,F — Notifications & communications,src/modules/emails/emails.service.ts; callers in auth/invitations/vendors/venues/payments,N/A; frontend only reflects a subset of send states,src/modules/emails/emails.service.spec.ts; caller unit tests; no external-delivery E2E
V51-130,131,Invitations & growth loop,Créer invitation,Envoyer invitation à une ressource hors plateforme.,"Type vendor/venue, token unique.",☐,MVP/Plan D,Haute,API/Web,BACKEND_COMPLETE,FRONTEND_COMPLETE,INTEGRATED,E2E_COMPLETE,ROLE_ACCESSIBLE,IMPLEMENTED,CRITICAL,BLOCKER,Invitation token security; auth return-to; registration/admission contracts,HIGH,N/A,None material for the v5.1 row as scoped.,Maintenance only,src/modules/invitations; events/:id/invitations,src/app/(public)/invitation; workspace invitations; participation page,src/modules/invitations/*.spec.ts; sprint3-wave4-participant.spec.ts; event-workspace.spec.ts
V51-131,132,Invitations & growth loop,Accepter invitation,Valider token public.,Endpoint accept token.,☐,MVP/Plan D,Haute,API/Web,BACKEND_COMPLETE,FRONTEND_COMPLETE,INTEGRATED,E2E_COMPLETE,ROLE_ACCESSIBLE,IMPLEMENTED,CRITICAL,BLOCKER,Invitation token security; auth return-to; registration/admission contracts,HIGH,N/A,None material for the v5.1 row as scoped.,Maintenance only,src/modules/invitations; events/:id/invitations,src/app/(public)/invitation; workspace invitations; participation page,src/modules/invitations/*.spec.ts; sprint3-wave4-participant.spec.ts; event-workspace.spec.ts
V51-132,133,Invitations & growth loop,Page acceptation invitation,Page web dédiée au lien reçu.,Préremplir inscription.,☐,MVP/Plan D,Haute,API/Web,BACKEND_COMPLETE,FRONTEND_COMPLETE,INTEGRATED,E2E_COMPLETE,ROLE_ACCESSIBLE,IMPLEMENTED,CRITICAL,BLOCKER,Invitation token security; auth return-to; registration/admission contracts,HIGH,N/A,None material for the v5.1 row as scoped.,Maintenance only,src/modules/invitations; events/:id/invitations,src/app/(public)/invitation; workspace invitations; participation page,src/modules/invitations/*.spec.ts; sprint3-wave4-participant.spec.ts; event-workspace.spec.ts
V51-133,134,Invitations & growth loop,Préremplissage inscription,Utiliser nom/email/type depuis token.,Passer state sécurisé.,☐,MVP/Plan D,Haute,API/Web,BACKEND_ABSENT,FRONTEND_ABSENT,NOT_INTEGRATED,NO_TEST,NOT_ACCESSIBLE,ABSENT,HIGH,DESIRABLE,Invitation token security; auth return-to; registration/admission contracts,MEDIUM,L,Invitation acceptance requires authentication; registration is not prefilled from an invitation.,I — Event operations completion,src/modules/invitations; events/:id/invitations,src/app/(public)/invitation; workspace invitations; participation page,src/modules/invitations/*.spec.ts; sprint3-wave4-participant.spec.ts; event-workspace.spec.ts
V51-134,135,Invitations & growth loop,Conversion invitation,Marquer invitation converted après inscription.,Relier user/profil.,☐,MVP/Plan D,Haute,API/Web,BACKEND_PARTIAL,FRONTEND_PARTIAL,PARTIALLY_INTEGRATED,E2E_PARTIAL,ROLE_ACCESSIBLE,PARTIAL,HIGH,DESIRABLE,Invitation token security; auth return-to; registration/admission contracts,LOW,M,"Invitation use/status is persisted, but no complete funnel/conversion model exists.",I — Event operations completion,src/modules/invitations; events/:id/invitations,src/app/(public)/invitation; workspace invitations; participation page,src/modules/invitations/*.spec.ts; sprint3-wave4-participant.spec.ts; event-workspace.spec.ts
V51-135,136,Invitations & growth loop,Dashboard invitations,Voir invitations envoyées et statuts.,Organisateur dashboard.,☐,MVP/Plan D,Haute,API/Web,BACKEND_COMPLETE,FRONTEND_COMPLETE,INTEGRATED,E2E_COMPLETE,ROLE_ACCESSIBLE,IMPLEMENTED,HIGH,DESIRABLE,Invitation token security; auth return-to; registration/admission contracts,LOW,N/A,None material for the v5.1 row as scoped.,Maintenance only,src/modules/invitations; events/:id/invitations,src/app/(public)/invitation; workspace invitations; participation page,src/modules/invitations/*.spec.ts; sprint3-wave4-participant.spec.ts; event-workspace.spec.ts
V51-136,137,Invitations & growth loop,Taux conversion invitations,Mesurer acceptation et inscription.,Analytics growth loop.,☐,MVP/Plan D,Haute,API/Web,BACKEND_PARTIAL,FRONTEND_PARTIAL,PARTIALLY_INTEGRATED,E2E_PARTIAL,ROLE_ACCESSIBLE,PARTIAL,HIGH,DESIRABLE,Invitation token security; auth return-to; registration/admission contracts,LOW,M,"Use counts are exposed, but no defined conversion-rate analytics surface exists.",I — Event operations completion,src/modules/invitations; events/:id/invitations,src/app/(public)/invitation; workspace invitations; participation page,src/modules/invitations/*.spec.ts; sprint3-wave4-participant.spec.ts; event-workspace.spec.ts
V51-137,138,Invitations & growth loop,Boni invitation,Accorder crédit si prestataire rejoint.,"Phase 2, règles anti-abus.",☐,MVP/Plan D,Haute,API/Web,BACKEND_ABSENT,FRONTEND_ABSENT,NOT_INTEGRATED,NO_TEST,NOT_ACCESSIBLE,ABSENT,HIGH,DESIRABLE,Invitation token security; auth return-to; registration/admission contracts,MEDIUM,L,Referral balance field exists without invitation-bonus domain logic.,Product decision — Growth loop,src/modules/invitations; events/:id/invitations,src/app/(public)/invitation; workspace invitations; participation page,src/modules/invitations/*.spec.ts; sprint3-wave4-participant.spec.ts; event-workspace.spec.ts
V51-138,139,Reviews & réputation,Créer avis prestataire,Noter un prestataire après événement.,Vérifier relation et événement terminé.,☐,Plan D,Haute,API/Web,BACKEND_COMPLETE,FRONTEND_ABSENT,NOT_INTEGRATED,API_E2E_ONLY,NOT_ACCESSIBLE,BACKEND_ONLY,HIGH,DESIRABLE,Eligibility/moderation product rules; verified interaction; rating aggregation,MEDIUM,M,"Review creation API supports vendors, but no user-facing review creation UI exists.",J — Reviews & reputation,src/modules/reviews,prestataire/avis placeholder; no review client or public review surface,src/modules/reviews/*.spec.ts; no browser E2E
V51-139,140,Reviews & réputation,Créer avis lieu,Noter un lieu après événement.,Vérifier réservation et événement terminé.,☐,Plan D,Haute,API/Web,BACKEND_COMPLETE,FRONTEND_ABSENT,NOT_INTEGRATED,API_E2E_ONLY,NOT_ACCESSIBLE,BACKEND_ONLY,HIGH,DESIRABLE,Eligibility/moderation product rules; verified interaction; rating aggregation,MEDIUM,M,"Review creation API supports venues, but no user-facing review creation UI exists.",J — Reviews & reputation,src/modules/reviews,prestataire/avis placeholder; no review client or public review surface,src/modules/reviews/*.spec.ts; no browser E2E
V51-140,141,Reviews & réputation,Commentaire avis,Ajouter commentaire texte.,Modération et longueur max.,☐,Plan D,Haute,API/Web,BACKEND_COMPLETE,FRONTEND_ABSENT,NOT_INTEGRATED,API_E2E_ONLY,NOT_ACCESSIBLE,BACKEND_ONLY,HIGH,DESIRABLE,Eligibility/moderation product rules; verified interaction; rating aggregation,MEDIUM,M,"Comment is accepted by the API, but no frontend review form exists.",J — Reviews & reputation,src/modules/reviews,prestataire/avis placeholder; no review client or public review surface,src/modules/reviews/*.spec.ts; no browser E2E
V51-141,142,Reviews & réputation,Réponse prestataire,Prestataire répond à un avis.,Une réponse par avis.,☐,Plan D,Haute,API/Web,BACKEND_ABSENT,FRONTEND_ABSENT,NOT_INTEGRATED,NO_TEST,NOT_ACCESSIBLE,ABSENT,HIGH,DESIRABLE,Eligibility/moderation product rules; verified interaction; rating aggregation,MEDIUM,L,"Review replies are absent from schema, API and UI.",J — Reviews & reputation,src/modules/reviews,prestataire/avis placeholder; no review client or public review surface,src/modules/reviews/*.spec.ts; no browser E2E
V51-142,143,Reviews & réputation,Réponse lieu,Gestionnaire répond à un avis.,Une réponse par avis.,☐,Plan D,Haute,API/Web,BACKEND_ABSENT,FRONTEND_ABSENT,NOT_INTEGRATED,NO_TEST,NOT_ACCESSIBLE,ABSENT,HIGH,DESIRABLE,Eligibility/moderation product rules; verified interaction; rating aggregation,MEDIUM,L,"Review replies are absent from schema, API and UI.",J — Reviews & reputation,src/modules/reviews,prestataire/avis placeholder; no review client or public review surface,src/modules/reviews/*.spec.ts; no browser E2E
V51-143,144,Reviews & réputation,Moyenne notes,Agrégation rating/reviewCount.,Mettre à jour atomiquement ou job.,☐,Plan D,Haute,API/Web,BACKEND_STUB,FRONTEND_PARTIAL,NOT_INTEGRATED,NO_TEST,USER_ACCESSIBLE,PARTIAL,HIGH,DESIRABLE,Eligibility/moderation product rules; verified interaction; rating aggregation,LOW,M,"rating/reviewCount fields exist, but review creation does not update aggregates.",J — Reviews & reputation,src/modules/reviews,prestataire/avis placeholder; no review client or public review surface,src/modules/reviews/*.spec.ts; no browser E2E
V51-144,145,Reviews & réputation,Afficher avis publics,Voir avis sur fiches.,Pagination et tri récent.,☐,Plan D,Haute,API/Web,BACKEND_COMPLETE,FRONTEND_ABSENT,NOT_INTEGRATED,API_E2E_ONLY,NOT_ACCESSIBLE,BACKEND_ONLY,HIGH,DESIRABLE,Eligibility/moderation product rules; verified interaction; rating aggregation,MEDIUM,M,"Public list API exists, but no vendor/venue/event page renders reviews.",J — Reviews & reputation,src/modules/reviews,prestataire/avis placeholder; no review client or public review surface,src/modules/reviews/*.spec.ts; no browser E2E
V51-145,146,Dashboards & analytics,Dashboard organisateur,Liste événements et actions principales.,"Statuts, CTA et progression.",☐,MVP/Plan D,Haute,API/Web,BACKEND_COMPLETE,FRONTEND_COMPLETE,INTEGRATED,E2E_COMPLETE,ROLE_ACCESSIBLE,IMPLEMENTED,CRITICAL,BLOCKER,Stable domain read models; real metrics definitions; pagination,HIGH,N/A,None material for the v5.1 row as scoped.,Maintenance only,events organizer summary plus domain list endpoints; no analytics module,organizer dashboard; event workspace; role pages; analytics placeholders,organizer-dashboard.spec.ts; event-workspace.spec.ts; role journey specs
V51-146,147,Dashboards & analytics,Hub événement,Vue centrale événement.,"Cartes billetterie, prestataires, lieux, invités.",☐,MVP/Plan D,Haute,API/Web,BACKEND_COMPLETE,FRONTEND_COMPLETE,INTEGRATED,E2E_COMPLETE,ROLE_ACCESSIBLE,IMPLEMENTED,CRITICAL,BLOCKER,Stable domain read models; real metrics definitions; pagination,HIGH,N/A,None material for the v5.1 row as scoped.,Maintenance only,events organizer summary plus domain list endpoints; no analytics module,organizer dashboard; event workspace; role pages; analytics placeholders,organizer-dashboard.spec.ts; event-workspace.spec.ts; role journey specs
V51-147,148,Dashboards & analytics,Analytics revenus,Revenus par événement.,Agrégation payments/tickets.,☐,MVP/Plan D,Haute,API/Web,BACKEND_ABSENT,FRONTEND_ABSENT,NOT_INTEGRATED,NO_TEST,NOT_ACCESSIBLE,ABSENT,HIGH,DESIRABLE,Stable domain read models; real metrics definitions; pagination,MEDIUM,L,No revenue analytics data contract or screen exists.,L — Analytics & administration,events organizer summary plus domain list endpoints; no analytics module,organizer dashboard; event workspace; role pages; analytics placeholders,organizer-dashboard.spec.ts; event-workspace.spec.ts; role journey specs
V51-148,149,Dashboards & analytics,Analytics billets,Billets vendus/restants/scannés.,Stats temps réel.,☐,MVP/Plan D,Haute,API/Web,BACKEND_PARTIAL,FRONTEND_PARTIAL,PARTIALLY_INTEGRATED,E2E_PARTIAL,ROLE_ACCESSIBLE,PARTIAL,HIGH,DESIRABLE,Stable domain read models; real metrics definitions; pagination,LOW,M,Per-event ticket inventory is visible; consolidated ticket analytics are absent.,L — Analytics & administration,events organizer summary plus domain list endpoints; no analytics module,organizer dashboard; event workspace; role pages; analytics placeholders,organizer-dashboard.spec.ts; event-workspace.spec.ts; role journey specs
V51-149,150,Dashboards & analytics,Analytics conversion,Taux complétion parcours et achat.,Événements analytics.,☐,MVP/Plan D,Haute,API/Web,BACKEND_ABSENT,FRONTEND_ABSENT,NOT_INTEGRATED,NO_TEST,NOT_ACCESSIBLE,ABSENT,HIGH,DESIRABLE,Stable domain read models; real metrics definitions; pagination,MEDIUM,L,No conversion analytics pipeline exists.,L — Analytics & administration,events organizer summary plus domain list endpoints; no analytics module,organizer dashboard; event workspace; role pages; analytics placeholders,organizer-dashboard.spec.ts; event-workspace.spec.ts; role journey specs
V51-150,151,Dashboards & analytics,Analytics vues page,Nombre de vues page événement.,Tracking côté serveur/client.,☐,MVP/Plan D,Haute,API/Web,BACKEND_ABSENT,FRONTEND_ABSENT,NOT_INTEGRATED,NO_TEST,NOT_ACCESSIBLE,ABSENT,HIGH,DESIRABLE,Stable domain read models; real metrics definitions; pagination,MEDIUM,L,No page-view tracking or analytics pipeline exists.,L — Analytics & administration,events organizer summary plus domain list endpoints; no analytics module,organizer dashboard; event workspace; role pages; analytics placeholders,organizer-dashboard.spec.ts; event-workspace.spec.ts; role journey specs
V51-151,152,Dashboards & analytics,Dashboard prestataire,Demandes reçues et profil.,UI fonctionnelle.,☐,MVP/Plan D,Haute,API/Web,BACKEND_COMPLETE,FRONTEND_PARTIAL,PARTIALLY_INTEGRATED,E2E_PARTIAL,ROLE_ACCESSIBLE,PARTIAL,HIGH,DESIRABLE,Stable domain read models; real metrics definitions; pagination,LOW,M,"Vendor profile and requests are accessible, but there is no consolidated vendor dashboard.",L — Analytics & administration,events organizer summary plus domain list endpoints; no analytics module,organizer dashboard; event workspace; role pages; analytics placeholders,organizer-dashboard.spec.ts; event-workspace.spec.ts; role journey specs
V51-152,153,Dashboards & analytics,Dashboard gestionnaire,Réservations et fiche lieu.,UI fonctionnelle.,☐,MVP/Plan D,Haute,API/Web,BACKEND_COMPLETE,FRONTEND_PARTIAL,PARTIALLY_INTEGRATED,E2E_PARTIAL,ROLE_ACCESSIBLE,PARTIAL,HIGH,DESIRABLE,Stable domain read models; real metrics definitions; pagination,LOW,M,"Venue profile and bookings are accessible, but there is no consolidated venue dashboard.",L — Analytics & administration,events organizer summary plus domain list endpoints; no analytics module,organizer dashboard; event workspace; role pages; analytics placeholders,organizer-dashboard.spec.ts; event-workspace.spec.ts; role journey specs
V51-153,154,Dashboards & analytics,Dashboard participant,Mes billets et historique événements.,Page dédiée.,☐,MVP/Plan D,Haute,API/Web,BACKEND_COMPLETE,FRONTEND_COMPLETE,INTEGRATED,E2E_COMPLETE,ROLE_ACCESSIBLE,IMPLEMENTED,CRITICAL,BLOCKER,Stable domain read models; real metrics definitions; pagination,HIGH,N/A,None material for the v5.1 row as scoped.,Maintenance only,events organizer summary plus domain list endpoints; no analytics module,organizer dashboard; event workspace; role pages; analytics placeholders,organizer-dashboard.spec.ts; event-workspace.spec.ts; role journey specs
V51-154,155,Dashboards & analytics,Dashboard favoris,Favoris groupés.,Corriger routes.,☐,MVP/Plan D,Haute,API/Web,BACKEND_COMPLETE,FRONTEND_COMPLETE,INTEGRATED,E2E_COMPLETE,ROLE_ACCESSIBLE,IMPLEMENTED,CRITICAL,BLOCKER,Stable domain read models; real metrics definitions; pagination,HIGH,N/A,None material for the v5.1 row as scoped.,Maintenance only,events organizer summary plus domain list endpoints; no analytics module,organizer dashboard; event workspace; role pages; analytics placeholders,organizer-dashboard.spec.ts; event-workspace.spec.ts; role journey specs
V51-155,156,Dashboards & analytics,Dashboard conversions invitations,Suivi growth loop.,Plan D/Phase 2.,☐,MVP/Plan D,Haute,API/Web,BACKEND_PARTIAL,FRONTEND_PARTIAL,PARTIALLY_INTEGRATED,E2E_PARTIAL,ROLE_ACCESSIBLE,PARTIAL,HIGH,DESIRABLE,Stable domain read models; real metrics definitions; pagination,LOW,M,"Invitation lists/use counts exist, but no conversion dashboard exists.",L — Analytics & administration,events organizer summary plus domain list endpoints; no analytics module,organizer dashboard; event workspace; role pages; analytics placeholders,organizer-dashboard.spec.ts; event-workspace.spec.ts; role journey specs
V51-156,157,Dashboards & analytics,Dashboard lieux avancé,"Calendrier, tarifs et analytics.",Phase 2.,☐,MVP/Plan D,Haute,API/Web,BACKEND_ABSENT,FRONTEND_PLACEHOLDER,NOT_INTEGRATED,WEB_COMPONENT_ONLY,PLACEHOLDER,PLACEHOLDER,HIGH,DESIRABLE,Stable domain read models; real metrics definitions; pagination,LOW,M,Advanced venue dashboard/calendar remains a placeholder.,L — Analytics & administration,events organizer summary plus domain list endpoints; no analytics module,organizer dashboard; event workspace; role pages; analytics placeholders,organizer-dashboard.spec.ts; event-workspace.spec.ts; role journey specs
V51-157,158,Paramètres,Page paramètres compte,Créer vraie page paramètres.,Remplacer placeholder.,☐,Plan D,Haute,API/Web,BACKEND_ABSENT,FRONTEND_PLACEHOLDER,NOT_INTEGRATED,WEB_COMPONENT_ONLY,PLACEHOLDER,PLACEHOLDER,HIGH,REQUIRED,Account mutation/security contracts; preferences schema; subscription decisions,LOW,M,/parametres renders only a static heading.,G — Account lifecycle & settings,auth /me and role onboarding only; no account-settings controller,src/app/(dashboard)/parametres/page.tsx stub; read-only profile; pricing placeholder,profile/component tests only; no account-settings E2E
V51-158,159,Paramètres,Modifier profil utilisateur,"Modifier prénom, nom, email.",Validation et confirmation email si email change.,☐,Plan D,Haute,API/Web,BACKEND_ABSENT,FRONTEND_PARTIAL,NOT_INTEGRATED,WEB_COMPONENT_ONLY,ROLE_ACCESSIBLE,PARTIAL,HIGH,REQUIRED,Account mutation/security contracts; preferences schema; subscription decisions,LOW,M,Profile is read-only and the API has no general account-profile update endpoint.,G — Account lifecycle & settings,auth /me and role onboarding only; no account-settings controller,src/app/(dashboard)/parametres/page.tsx stub; read-only profile; pricing placeholder,profile/component tests only; no account-settings E2E
V51-159,160,Paramètres,Sécurité compte,Changer mot de passe.,Ancien mot de passe requis.,☐,Plan D,Haute,API/Web,BACKEND_ABSENT,FRONTEND_ABSENT,NOT_INTEGRATED,NO_TEST,NOT_ACCESSIBLE,ABSENT,HIGH,REQUIRED,Account mutation/security contracts; preferences schema; subscription decisions,MEDIUM,L,No password/session/security settings surface exists.,G — Account lifecycle & settings,auth /me and role onboarding only; no account-settings controller,src/app/(dashboard)/parametres/page.tsx stub; read-only profile; pricing placeholder,profile/component tests only; no account-settings E2E
V51-160,161,Paramètres,Préférences notifications,Activer/désactiver types notifications.,Stocker préférences utilisateur.,☐,Plan D,Haute,API/Web,BACKEND_ABSENT,FRONTEND_ABSENT,NOT_INTEGRATED,NO_TEST,NOT_ACCESSIBLE,ABSENT,HIGH,REQUIRED,Account mutation/security contracts; preferences schema; subscription decisions,MEDIUM,L,"No notification-preferences model, endpoint or UI exists.",G — Account lifecycle & settings,auth /me and role onboarding only; no account-settings controller,src/app/(dashboard)/parametres/page.tsx stub; read-only profile; pricing placeholder,profile/component tests only; no account-settings E2E
V51-161,162,Paramètres,Préférence langue,FR/EN.,Relier next-intl.,☐,Plan D,Haute,API/Web,BACKEND_ABSENT,FRONTEND_ABSENT,NOT_INTEGRATED,NO_TEST,NOT_ACCESSIBLE,ABSENT,HIGH,DESIRABLE,Account mutation/security contracts; preferences schema; subscription decisions,MEDIUM,L,No locale preference persistence or UI exists.,G — Account lifecycle & settings,auth /me and role onboarding only; no account-settings controller,src/app/(dashboard)/parametres/page.tsx stub; read-only profile; pricing placeholder,profile/component tests only; no account-settings E2E
V51-162,163,Paramètres,Ajouter rôle,Souscrire à nouveau rôle.,Workflow d’onboarding.,☐,Plan D,Haute,API/Web,BACKEND_ABSENT,FRONTEND_PLACEHOLDER,NOT_INTEGRATED,WEB_COMPONENT_ONLY,PLACEHOLDER,PLACEHOLDER,HIGH,REQUIRED,Account mutation/security contracts; preferences schema; subscription decisions,LOW,M,Add-role links lead to placeholder pricing and no mutation exists.,G — Account lifecycle & settings,auth /me and role onboarding only; no account-settings controller,src/app/(dashboard)/parametres/page.tsx stub; read-only profile; pricing placeholder,profile/component tests only; no account-settings E2E
V51-163,164,Paramètres,Gérer abonnement,Accès billing portal.,Stripe customer portal.,☐,Plan D,Haute,API/Web,BACKEND_ABSENT,FRONTEND_ABSENT,NOT_INTEGRATED,NO_TEST,NOT_ACCESSIBLE,ABSENT,HIGH,DESIRABLE,Account mutation/security contracts; preferences schema; subscription decisions,MEDIUM,L,No subscription-management backend or frontend exists.,G — Account lifecycle & settings,auth /me and role onboarding only; no account-settings controller,src/app/(dashboard)/parametres/page.tsx stub; read-only profile; pricing placeholder,profile/component tests only; no account-settings E2E
V51-164,165,Paramètres,Historique achats,Voir paiements et billets.,Participant/settings.,☐,Plan D,Haute,API/Web,BACKEND_COMPLETE,FRONTEND_PARTIAL,PARTIALLY_INTEGRATED,E2E_PARTIAL,ROLE_ACCESSIBLE,PARTIAL,HIGH,DESIRABLE,Account mutation/security contracts; preferences schema; subscription decisions,LOW,M,Tickets are visible; order/payment purchase history is not exposed as planned.,G — Account lifecycle & settings,auth /me and role onboarding only; no account-settings controller,src/app/(dashboard)/parametres/page.tsx stub; read-only profile; pricing placeholder,profile/component tests only; no account-settings E2E
V51-165,166,Landing & acquisition,Hero landing,Présenter proposition de valeur.,Message parcours intégré.,☐,MVP/Plan D,Haute,LP,N/A,FRONTEND_COMPLETE,N/A,E2E_COMPLETE,USER_ACCESSIBLE,IMPLEMENTED,HIGH,DESIRABLE,Public Web; waitlist API; CASL consent; legally approved content where applicable,LOW,N/A,None material for the v5.1 row as scoped.,Maintenance only,src/modules/waitlist; src/modules/emails,src/app/page.tsx; src/components/landing; legal placeholders,e2e/landing.spec.ts; waitlist service tests
V51-166,167,Landing & acquisition,Sections problème/solution,Expliquer fragmentation et solution.,Copywriting clair.,☐,MVP/Plan D,Haute,LP,N/A,FRONTEND_COMPLETE,N/A,E2E_COMPLETE,USER_ACCESSIBLE,IMPLEMENTED,HIGH,DESIRABLE,Public Web; waitlist API; CASL consent; legally approved content where applicable,LOW,N/A,None material for the v5.1 row as scoped.,Maintenance only,src/modules/waitlist; src/modules/emails,src/app/page.tsx; src/components/landing; legal placeholders,e2e/landing.spec.ts; waitlist service tests
V51-167,168,Landing & acquisition,Marquee / preuve sociale,"Afficher catégories, logos ou segments.",Éviter fausses preuves.,☐,MVP/Plan D,Haute,LP,N/A,FRONTEND_COMPLETE,N/A,E2E_COMPLETE,USER_ACCESSIBLE,IMPLEMENTED,HIGH,DESIRABLE,Public Web; waitlist API; CASL consent; legally approved content where applicable,LOW,N/A,None material for the v5.1 row as scoped.,Maintenance only,src/modules/waitlist; src/modules/emails,src/app/page.tsx; src/components/landing; legal placeholders,e2e/landing.spec.ts; waitlist service tests
V51-168,169,Landing & acquisition,FAQ,Répondre objections principales.,FR/EN.,☐,MVP/Plan D,Haute,LP,N/A,FRONTEND_COMPLETE,N/A,E2E_COMPLETE,USER_ACCESSIBLE,IMPLEMENTED,HIGH,DESIRABLE,Public Web; waitlist API; CASL consent; legally approved content where applicable,LOW,N/A,None material for the v5.1 row as scoped.,Maintenance only,src/modules/waitlist; src/modules/emails,src/app/page.tsx; src/components/landing; legal placeholders,e2e/landing.spec.ts; waitlist service tests
V51-169,170,Landing & acquisition,CTA waitlist,Capturer leads.,Formulaire rapide.,☐,MVP/Plan D,Haute,LP,N/A,FRONTEND_COMPLETE,N/A,E2E_COMPLETE,USER_ACCESSIBLE,IMPLEMENTED,HIGH,DESIRABLE,Public Web; waitlist API; CASL consent; legally approved content where applicable,LOW,N/A,None material for the v5.1 row as scoped.,Maintenance only,src/modules/waitlist; src/modules/emails,src/app/page.tsx; src/components/landing; legal placeholders,e2e/landing.spec.ts; waitlist service tests
V51-170,171,Landing & acquisition,Waitlist API,Enregistrer email et profil.,"Validation, anti-spam.",☐,MVP/Plan D,Haute,LP,BACKEND_COMPLETE,FRONTEND_COMPLETE,INTEGRATED,E2E_COMPLETE,USER_ACCESSIBLE,IMPLEMENTED,CRITICAL,BLOCKER,Public Web; waitlist API; CASL consent; legally approved content where applicable,HIGH,N/A,None material for the v5.1 row as scoped.,Maintenance only,src/modules/waitlist; src/modules/emails,src/app/page.tsx; src/components/landing; legal placeholders,e2e/landing.spec.ts; waitlist service tests
V51-171,172,Landing & acquisition,Consentement CASL,Capturer consentement marketing.,Envoyer booléen réel au serveur.,☐,MVP/Plan D,Haute,LP,BACKEND_COMPLETE,FRONTEND_COMPLETE,INTEGRATED,E2E_COMPLETE,USER_ACCESSIBLE,IMPLEMENTED,CRITICAL,BLOCKER,Public Web; waitlist API; CASL consent; legally approved content where applicable,HIGH,N/A,None material for the v5.1 row as scoped.,Maintenance only,src/modules/waitlist; src/modules/emails,src/app/page.tsx; src/components/landing; legal placeholders,e2e/landing.spec.ts; waitlist service tests
V51-172,173,Landing & acquisition,Email confirmation waitlist,Confirmer inscription.,Resend + template.,☐,MVP/Plan D,Haute,LP,BACKEND_COMPLETE,FRONTEND_COMPLETE,PARTIALLY_INTEGRATED,UNIT_ONLY,USER_ACCESSIBLE,PARTIAL,HIGH,DESIRABLE,Public Web; waitlist API; CASL consent; legally approved content where applicable,LOW,M,Waitlist email trigger/template exists; external delivery is unverified.,Public launch readiness,src/modules/waitlist; src/modules/emails,src/app/page.tsx; src/components/landing; legal placeholders,e2e/landing.spec.ts; waitlist service tests
V51-173,174,Landing & acquisition,Pages légales,"CGU, confidentialité, cookies.",Remplacer placeholders.,☐,MVP/Plan D,Haute,LP,BACKEND_ABSENT,FRONTEND_PLACEHOLDER,NOT_INTEGRATED,WEB_COMPONENT_ONLY,PLACEHOLDER,PLACEHOLDER,CRITICAL,BLOCKER,Public Web; waitlist API; CASL consent; legally approved content where applicable,HIGH,M,Legal routes are explicit placeholders and content is not legally validated.,Production launch — Legal,src/modules/waitlist; src/modules/emails,src/app/page.tsx; src/components/landing; legal placeholders,e2e/landing.spec.ts; waitlist service tests
V51-174,175,Administration interne,Dashboard admin,Vue interne plateforme.,Accès admin uniquement.,☐,Phase 2,Moyenne,API/Web,BACKEND_ABSENT,FRONTEND_ABSENT,NOT_INTEGRATED,NO_TEST,NOT_ACCESSIBLE,DEFERRED,MEDIUM,POST-MVP,Admin product scope; dedicated admin APIs; audit trail; QA admin identity,LOW,XL,"Admin role exists, but there is no admin dashboard.",L — Analytics & administration,admin role guards and selected owner/admin endpoints; no admin management module,no admin route/dashboard/navigation,test/admin-authorization.e2e-spec.ts; no browser Admin E2E
V51-175,176,Administration interne,Gestion utilisateurs,Lister et consulter utilisateurs.,Pagination et recherche.,☐,Phase 2,Moyenne,API/Web,BACKEND_ABSENT,FRONTEND_ABSENT,NOT_INTEGRATED,NO_TEST,NOT_ACCESSIBLE,ABSENT,MEDIUM,POST-MVP,Admin product scope; dedicated admin APIs; audit trail; QA admin identity,MEDIUM,XL,No user-management API or UI exists.,L — Analytics & administration,admin role guards and selected owner/admin endpoints; no admin management module,no admin route/dashboard/navigation,test/admin-authorization.e2e-spec.ts; no browser Admin E2E
V51-176,177,Administration interne,Gestion rôles admin,Attribuer ou retirer rôles sensibles.,Journalisation obligatoire.,☐,Phase 2,Moyenne,API/Web,BACKEND_ABSENT,FRONTEND_ABSENT,NOT_INTEGRATED,NO_TEST,NOT_ACCESSIBLE,ABSENT,MEDIUM,POST-MVP,Admin product scope; dedicated admin APIs; audit trail; QA admin identity,MEDIUM,XL,No admin role-management API or UI exists.,L — Analytics & administration,admin role guards and selected owner/admin endpoints; no admin management module,no admin route/dashboard/navigation,test/admin-authorization.e2e-spec.ts; no browser Admin E2E
V51-177,178,Administration interne,Gestion événements,Modérer événements.,Masquer/annuler si abus.,☐,Phase 2,Moyenne,API/Web,BACKEND_COMPLETE,FRONTEND_ABSENT,NOT_INTEGRATED,API_E2E_ONLY,NOT_ACCESSIBLE,BACKEND_ONLY,MEDIUM,POST-MVP,Admin product scope; dedicated admin APIs; audit trail; QA admin identity,MEDIUM,M,"Admin can use selected event-management APIs, but no admin product surface exists.",L — Analytics & administration,admin role guards and selected owner/admin endpoints; no admin management module,no admin route/dashboard/navigation,test/admin-authorization.e2e-spec.ts; no browser Admin E2E
V51-178,179,Administration interne,Gestion prestataires,Modérer profils.,Statut actif/inactif.,☐,Phase 2,Moyenne,API/Web,BACKEND_ABSENT,FRONTEND_ABSENT,NOT_INTEGRATED,NO_TEST,NOT_ACCESSIBLE,ABSENT,MEDIUM,POST-MVP,Admin product scope; dedicated admin APIs; audit trail; QA admin identity,MEDIUM,XL,No admin vendor-management surface exists.,L — Analytics & administration,admin role guards and selected owner/admin endpoints; no admin management module,no admin route/dashboard/navigation,test/admin-authorization.e2e-spec.ts; no browser Admin E2E
V51-179,180,Internationalisation,next-intl Web,Installer et configurer i18n dans Elintys-web.,"Routes FR/EN, messages/fr.json.",☐,MVP/Phase 3,Moyenne,API/Web/LP,N/A,FRONTEND_ABSENT,N/A,NO_TEST,NOT_ACCESSIBLE,ABSENT,MEDIUM,DESIRABLE,Locale routing/provider; translated runtime copy; localized metadata/templates,MEDIUM,L,"No next-intl dependency, locale routing or runtime provider is present.",M — Internationalization,French error codes/messages; no locale API,messages/fr.json and en.json exist; no next-intl dependency or locale routing; many direct fr imports,copy parity/unit tests only; no locale browser E2E
V51-180,181,Internationalisation,Messages EN,Créer messages/en.json.,Ontario M18.,☐,MVP/Phase 3,Moyenne,API/Web/LP,N/A,FRONTEND_DEAD_CODE,NOT_INTEGRATED,UNIT_ONLY,HIDDEN,ABSENT,MEDIUM,DESIRABLE,Locale routing/provider; translated runtime copy; localized metadata/templates,MEDIUM,L,English messages exist but are not wired to locale routing; many screens import fr.json directly.,M — Internationalization,French error codes/messages; no locale API,messages/fr.json and en.json exist; no next-intl dependency or locale routing; many direct fr imports,copy parity/unit tests only; no locale browser E2E
V51-181,182,Internationalisation,Codes erreur traduits,Mapper codes API vers textes UI.,Pas de messages backend FR hardcodés.,☐,MVP/Phase 3,Moyenne,API/Web/LP,BACKEND_PARTIAL,FRONTEND_PARTIAL,PARTIALLY_INTEGRATED,E2E_PARTIAL,ROLE_ACCESSIBLE,PARTIAL,MEDIUM,DESIRABLE,Locale routing/provider; translated runtime copy; localized metadata/templates,LOW,M,"Some errors are mapped, but the application is not systematically localized.",M — Internationalization,French error codes/messages; no locale API,messages/fr.json and en.json exist; no next-intl dependency or locale routing; many direct fr imports,copy parity/unit tests only; no locale browser E2E
V51-182,183,Internationalisation,Devise paramétrable,Support CAD puis USD.,Ne pas hardcoder CAD partout.,☐,MVP/Phase 3,Moyenne,API/Web/LP,BACKEND_PARTIAL,FRONTEND_PARTIAL,PARTIALLY_INTEGRATED,UNIT_ONLY,ROLE_ACCESSIBLE,PARTIAL,MEDIUM,DESIRABLE,Locale routing/provider; translated runtime copy; localized metadata/templates,LOW,M,"Some domain records carry currency, while many UI values remain fixed to CAD.",M — Internationalization,French error codes/messages; no locale API,messages/fr.json and en.json exist; no next-intl dependency or locale routing; many direct fr imports,copy parity/unit tests only; no locale browser E2E
V51-183,184,Internationalisation,Templates email localisés,Emails FR/EN.,Paramètre locale.,☐,MVP/Phase 3,Moyenne,API/Web/LP,BACKEND_ABSENT,FRONTEND_ABSENT,NOT_INTEGRATED,NO_TEST,NOT_ACCESSIBLE,ABSENT,MEDIUM,DESIRABLE,Locale routing/provider; translated runtime copy; localized metadata/templates,MEDIUM,L,Transactional email templates are French-only.,M — Internationalization,French error codes/messages; no locale API,messages/fr.json and en.json exist; no next-intl dependency or locale routing; many direct fr imports,copy parity/unit tests only; no locale browser E2E
V51-184,185,Internationalisation,SEO multilingue,hreflang et URLs EN.,Stratégie /en ou sous-domaine.,☐,MVP/Phase 3,Moyenne,API/Web/LP,BACKEND_ABSENT,FRONTEND_ABSENT,NOT_INTEGRATED,NO_TEST,NOT_ACCESSIBLE,ABSENT,MEDIUM,DESIRABLE,Locale routing/provider; translated runtime copy; localized metadata/templates,MEDIUM,L,"No multilingual routes, hreflang or localized metadata system exists.",M — Internationalization,French error codes/messages; no locale API,messages/fr.json and en.json exist; no next-intl dependency or locale routing; many direct fr imports,copy parity/unit tests only; no locale browser E2E
V51-185,186,Marketplace Phase 2,Stripe Connect marketplace,Enforcer commissions prestataires/lieux.,Comptes connectés et application_fee_amount.,☐,Phase 2,Haute,API/Web,BACKEND_ABSENT,FRONTEND_PLACEHOLDER,NOT_INTEGRATED,WEB_COMPONENT_ONLY,PLACEHOLDER,PLACEHOLDER,HIGH,POST-MVP,Agreements/quote domain; payment marketplace choice; communication rules,LOW,M,Stripe Connect route is a placeholder; no marketplace account lifecycle exists.,Phase 2 — Marketplace,no agreements/chat/payout module; generic vendor/venue onboarding only,"Stripe Connect, messages and ententes are placeholders; public contact fields only",no marketplace lifecycle E2E
V51-186,187,Marketplace Phase 2,Onboarding vendeur,Collecter informations Stripe Connect.,KYC via Stripe.,☐,Phase 2,Haute,API/Web,BACKEND_PARTIAL,FRONTEND_PARTIAL,PARTIALLY_INTEGRATED,E2E_PARTIAL,ROLE_ACCESSIBLE,PARTIAL,HIGH,POST-MVP,Agreements/quote domain; payment marketplace choice; communication rules,LOW,M,"Generic vendor onboarding is implemented, but not payment-provider seller onboarding.",Phase 2 — Marketplace,no agreements/chat/payout module; generic vendor/venue onboarding only,"Stripe Connect, messages and ententes are placeholders; public contact fields only",no marketplace lifecycle E2E
V51-187,188,Marketplace Phase 2,Paiement prestataire,Paiement de service via Elintys.,Checkout Connect.,☐,Phase 2,Haute,API/Web,BACKEND_ABSENT,FRONTEND_ABSENT,NOT_INTEGRATED,NO_TEST,NOT_ACCESSIBLE,ABSENT,HIGH,POST-MVP,Agreements/quote domain; payment marketplace choice; communication rules,MEDIUM,XL,Planned capability is absent in the current product.,Phase 2 — Marketplace,no agreements/chat/payout module; generic vendor/venue onboarding only,"Stripe Connect, messages and ententes are placeholders; public contact fields only",no marketplace lifecycle E2E
V51-188,189,Marketplace Phase 2,Paiement lieu,Paiement réservation via Elintys.,Checkout Connect.,☐,Phase 2,Haute,API/Web,BACKEND_ABSENT,FRONTEND_ABSENT,NOT_INTEGRATED,NO_TEST,NOT_ACCESSIBLE,ABSENT,HIGH,POST-MVP,Agreements/quote domain; payment marketplace choice; communication rules,MEDIUM,XL,Planned capability is absent in the current product.,Phase 2 — Marketplace,no agreements/chat/payout module; generic vendor/venue onboarding only,"Stripe Connect, messages and ententes are placeholders; public contact fields only",no marketplace lifecycle E2E
V51-189,190,Marketplace Phase 2,Module Agreements,Créer ententes/devis/contrats.,Workflow offre→révision→validation→signature.,☐,Phase 2,Haute,API/Web,BACKEND_ABSENT,FRONTEND_PLACEHOLDER,NOT_INTEGRATED,WEB_COMPONENT_ONLY,PLACEHOLDER,PLACEHOLDER,HIGH,POST-MVP,Agreements/quote domain; payment marketplace choice; communication rules,LOW,M,Planned capability is placeholder in the current product.,Phase 2 — Marketplace,no agreements/chat/payout module; generic vendor/venue onboarding only,"Stripe Connect, messages and ententes are placeholders; public contact fields only",no marketplace lifecycle E2E
V51-190,191,Marketplace Phase 2,Devis prestataire,Prestataire propose devis.,Entité Agreement/Quote.,☐,Phase 2,Haute,API/Web,BACKEND_ABSENT,FRONTEND_ABSENT,NOT_INTEGRATED,NO_TEST,NOT_ACCESSIBLE,ABSENT,HIGH,POST-MVP,Agreements/quote domain; payment marketplace choice; communication rules,MEDIUM,XL,Planned capability is absent in the current product.,Phase 2 — Marketplace,no agreements/chat/payout module; generic vendor/venue onboarding only,"Stripe Connect, messages and ententes are placeholders; public contact fields only",no marketplace lifecycle E2E
V51-191,192,Marketplace Phase 2,Contrat numérique,Signer ou valider contrat.,"Phase 2 simple, Phase 3 e-sign.",☐,Phase 2,Haute,API/Web,BACKEND_ABSENT,FRONTEND_ABSENT,NOT_INTEGRATED,NO_TEST,NOT_ACCESSIBLE,ABSENT,HIGH,POST-MVP,Agreements/quote domain; payment marketplace choice; communication rules,MEDIUM,XL,Planned capability is absent in the current product.,Phase 2 — Marketplace,no agreements/chat/payout module; generic vendor/venue onboarding only,"Stripe Connect, messages and ententes are placeholders; public contact fields only",no marketplace lifecycle E2E
V51-192,193,Marketplace Phase 2,Chat contextuel,Messagerie organisateur-prestataire/lieu.,NestJS WebSocket.,☐,Phase 2,Haute,API/Web,BACKEND_ABSENT,FRONTEND_PLACEHOLDER,NOT_INTEGRATED,WEB_COMPONENT_ONLY,PLACEHOLDER,PLACEHOLDER,HIGH,POST-MVP,Agreements/quote domain; payment marketplace choice; communication rules,LOW,M,Planned capability is placeholder in the current product.,Phase 2 — Marketplace,no agreements/chat/payout module; generic vendor/venue onboarding only,"Stripe Connect, messages and ententes are placeholders; public contact fields only",no marketplace lifecycle E2E
V51-193,194,Marketplace Phase 2,Règles communication,Limiter chat selon relation et rôle.,Guard + policy.,☐,Phase 2,Haute,API/Web,BACKEND_ABSENT,FRONTEND_ABSENT,NOT_INTEGRATED,NO_TEST,NOT_ACCESSIBLE,ABSENT,HIGH,POST-MVP,Agreements/quote domain; payment marketplace choice; communication rules,MEDIUM,XL,Planned capability is absent in the current product.,Phase 2 — Marketplace,no agreements/chat/payout module; generic vendor/venue onboarding only,"Stripe Connect, messages and ententes are placeholders; public contact fields only",no marketplace lifecycle E2E
V51-194,195,Marketplace Phase 2,Bouton contacter,CTA contextuel selon auth/rôle.,Vers chat ou email selon config.,☐,Phase 2,Haute,API/Web,BACKEND_PARTIAL,FRONTEND_PARTIAL,PARTIALLY_INTEGRATED,NO_TEST,ROLE_ACCESSIBLE,PARTIAL,HIGH,POST-MVP,Agreements/quote domain; payment marketplace choice; communication rules,LOW,M,"Contact details are exposed where appropriate, but no contextual contact workflow exists.",Phase 2 — Marketplace,no agreements/chat/payout module; generic vendor/venue onboarding only,"Stripe Connect, messages and ententes are placeholders; public contact fields only",no marketplace lifecycle E2E
V51-195,196,Marketplace Phase 2,Dashboard agreements,Suivi ententes par rôle.,Organisateur/prestataire/gestionnaire.,☐,Phase 2,Haute,API/Web,BACKEND_ABSENT,FRONTEND_PLACEHOLDER,NOT_INTEGRATED,WEB_COMPONENT_ONLY,PLACEHOLDER,PLACEHOLDER,HIGH,POST-MVP,Agreements/quote domain; payment marketplace choice; communication rules,LOW,M,Planned capability is placeholder in the current product.,Phase 2 — Marketplace,no agreements/chat/payout module; generic vendor/venue onboarding only,"Stripe Connect, messages and ententes are placeholders; public contact fields only",no marketplace lifecycle E2E
V51-196,197,IA,Assistant création événement,Aider à rédiger titre/description.,Streaming SSE Claude Haiku.,☐,Phase 2/3,Moyenne,API/Web/AI,BACKEND_ABSENT,FRONTEND_ABSENT,NOT_INTEGRATED,NO_TEST,NOT_ACCESSIBLE,DEFERRED,MEDIUM,POST-MVP,AI product decision; safety policy; persistence and provider architecture,LOW,XL,Planned capability is deferred in the current product.,Phase 2 — AI,src/modules/ai controller/service are empty stubs,no AI surface,no AI tests
V51-197,198,IA,Suggestions prestataires,Recommander services selon événement.,Règles Phase 2a.,☐,Phase 2/3,Moyenne,API/Web/AI,BACKEND_ABSENT,FRONTEND_ABSENT,NOT_INTEGRATED,NO_TEST,NOT_ACCESSIBLE,DEFERRED,MEDIUM,POST-MVP,AI product decision; safety policy; persistence and provider architecture,LOW,XL,Planned capability is deferred in the current product.,Phase 2 — AI,src/modules/ai controller/service are empty stubs,no AI surface,no AI tests
V51-198,199,IA,Suggestions lieux,Recommander lieux selon capacité/ville.,Règles Phase 2a.,☐,Phase 2/3,Moyenne,API/Web/AI,BACKEND_ABSENT,FRONTEND_ABSENT,NOT_INTEGRATED,NO_TEST,NOT_ACCESSIBLE,DEFERRED,MEDIUM,POST-MVP,AI product decision; safety policy; persistence and provider architecture,LOW,XL,Planned capability is deferred in the current product.,Phase 2 — AI,src/modules/ai controller/service are empty stubs,no AI surface,no AI tests
V51-199,200,IA,Collecte comportement,Stocker USER_BEHAVIOR pour recommandations.,Consentement et minimisation.,☐,Phase 2/3,Moyenne,API/Web/AI,BACKEND_ABSENT,FRONTEND_ABSENT,NOT_INTEGRATED,NO_TEST,NOT_ACCESSIBLE,DEFERRED,MEDIUM,POST-MVP,AI product decision; safety policy; persistence and provider architecture,LOW,XL,Planned capability is deferred in the current product.,Phase 2 — AI,src/modules/ai controller/service are empty stubs,no AI surface,no AI tests
V51-200,201,IA,Recommandations personnalisées,Collaborative filtering avancé.,Service IA Phase 3.,☐,Phase 2/3,Moyenne,API/Web/AI,BACKEND_ABSENT,FRONTEND_ABSENT,NOT_INTEGRATED,NO_TEST,NOT_ACCESSIBLE,DEFERRED,MEDIUM,POST-MVP,AI product decision; safety policy; persistence and provider architecture,LOW,XL,Planned capability is deferred in the current product.,Phase 2 — AI,src/modules/ai controller/service are empty stubs,no AI surface,no AI tests
V51-201,202,IA,Prévisions événement,Suggestions basées sur historiques.,Phase 2/3.,☐,Phase 2/3,Moyenne,API/Web/AI,BACKEND_ABSENT,FRONTEND_ABSENT,NOT_INTEGRATED,NO_TEST,NOT_ACCESSIBLE,DEFERRED,MEDIUM,POST-MVP,AI product decision; safety policy; persistence and provider architecture,LOW,XL,Planned capability is deferred in the current product.,Phase 2 — AI,src/modules/ai controller/service are empty stubs,no AI surface,no AI tests
V51-202,203,Mobile,App React Native,Application mobile Elintys.,Expo ou React Native selon stratégie.,☐,Phase 3,Moyenne,Mobile/API,BACKEND_ABSENT,FRONTEND_ABSENT,NOT_INTEGRATED,NO_TEST,NOT_ACCESSIBLE,DEFERRED,MEDIUM,POST-MVP,Native mobile product decision; shared API readiness; secure device/session model,LOW,XL,Planned capability is deferred in the current product.,Phase 3 — Native mobile,no mobile-specific API surface beyond shared HTTP endpoints,no React Native repository/application,no native mobile tests
V51-203,204,Mobile,Connexion mobile,Auth mobile sécurisée.,Token storage sécurisé.,☐,Phase 3,Moyenne,Mobile/API,BACKEND_ABSENT,FRONTEND_ABSENT,NOT_INTEGRATED,NO_TEST,NOT_ACCESSIBLE,DEFERRED,MEDIUM,POST-MVP,Native mobile product decision; shared API readiness; secure device/session model,LOW,XL,Planned capability is deferred in the current product.,Phase 3 — Native mobile,no mobile-specific API surface beyond shared HTTP endpoints,no React Native repository/application,no native mobile tests
V51-204,205,Mobile,Mes billets mobile,Afficher QR et historique.,Cache local.,☐,Phase 3,Moyenne,Mobile/API,BACKEND_ABSENT,FRONTEND_ABSENT,NOT_INTEGRATED,NO_TEST,NOT_ACCESSIBLE,DEFERRED,MEDIUM,POST-MVP,Native mobile product decision; shared API readiness; secure device/session model,LOW,XL,Planned capability is deferred in the current product.,Phase 3 — Native mobile,no mobile-specific API surface beyond shared HTTP endpoints,no React Native repository/application,no native mobile tests
V51-205,206,Mobile,Scan QR natif,Scanner billets via caméra.,expo-barcode-scanner ou vision-camera.,☐,Phase 3,Moyenne,Mobile/API,BACKEND_ABSENT,FRONTEND_ABSENT,NOT_INTEGRATED,NO_TEST,NOT_ACCESSIBLE,DEFERRED,MEDIUM,POST-MVP,Native mobile product decision; shared API readiness; secure device/session model,LOW,XL,Planned capability is deferred in the current product.,Phase 3 — Native mobile,no mobile-specific API surface beyond shared HTTP endpoints,no React Native repository/application,no native mobile tests
V51-206,207,Mobile,Notifications push,Rappels et alertes.,Expo Notifications FCM/APNS.,☐,Phase 3,Moyenne,Mobile/API,BACKEND_ABSENT,FRONTEND_ABSENT,NOT_INTEGRATED,NO_TEST,NOT_ACCESSIBLE,DEFERRED,MEDIUM,POST-MVP,Native mobile product decision; shared API readiness; secure device/session model,LOW,XL,Planned capability is deferred in the current product.,Phase 3 — Native mobile,no mobile-specific API surface beyond shared HTTP endpoints,no React Native repository/application,no native mobile tests
V51-207,208,Mobile,Mode hors ligne billets,Accéder billets sans réseau.,Cache signé.,☐,Phase 3,Moyenne,Mobile/API,BACKEND_ABSENT,FRONTEND_ABSENT,NOT_INTEGRATED,NO_TEST,NOT_ACCESSIBLE,DEFERRED,MEDIUM,POST-MVP,Native mobile product decision; shared API readiness; secure device/session model,LOW,XL,Planned capability is deferred in the current product.,Phase 3 — Native mobile,no mobile-specific API surface beyond shared HTTP endpoints,no React Native repository/application,no native mobile tests
V51-208,209,Mobile,Dashboard participant mobile,Expérience participant.,Phase 3.,☐,Phase 3,Moyenne,Mobile/API,BACKEND_ABSENT,FRONTEND_ABSENT,NOT_INTEGRATED,NO_TEST,NOT_ACCESSIBLE,DEFERRED,MEDIUM,POST-MVP,Native mobile product decision; shared API readiness; secure device/session model,LOW,XL,Planned capability is deferred in the current product.,Phase 3 — Native mobile,no mobile-specific API surface beyond shared HTTP endpoints,no React Native repository/application,no native mobile tests
V51-209,210,Infrastructure & qualité,Configuration Vercel Web,Déployer frontend Web.,Variables prod et previews.,☐,MVP/Plan D,Critique,Tous,BACKEND_COMPLETE,N/A,N/A,API_E2E_ONLY,INTERNAL_ONLY,IMPLEMENTED,CRITICAL,BLOCKER,Deployment providers; required CI checks; deterministic automated suites,HIGH,N/A,None material for the v5.1 row as scoped.,Maintenance only,NestJS/Mongo/Cloudinary/Render configuration and test suites,Next.js/Vercel application and Playwright suites,Wave E full gate report; package scripts; no repository CI workflows
V51-210,211,Infrastructure & qualité,Configuration Railway API,Déployer backend API.,"Auto-deploy main, secrets.",☐,MVP/Plan D,Critique,Tous,N/A,N/A,N/A,N/A,N/A,OUT_OF_SCOPE,CRITICAL,BLOCKER,Deployment providers; required CI checks; deterministic automated suites,HIGH,M,"The API is deployed on Render, not Railway; the planned provider-specific row is superseded while the deployment outcome exists.",No wave — Render superseded Railway,NestJS/Mongo/Cloudinary/Render configuration and test suites,Next.js/Vercel application and Playwright suites,Wave E full gate report; package scripts; no repository CI workflows
V51-211,212,Infrastructure & qualité,Cloudinary uploads,Activer médias utilisateurs.,Signed uploads ou API backend.,☐,MVP/Plan D,Critique,Tous,BACKEND_COMPLETE,N/A,N/A,API_E2E_ONLY,INTERNAL_ONLY,IMPLEMENTED,CRITICAL,BLOCKER,Deployment providers; required CI checks; deterministic automated suites,HIGH,N/A,None material for the v5.1 row as scoped.,Maintenance only,NestJS/Mongo/Cloudinary/Render configuration and test suites,Next.js/Vercel application and Playwright suites,Wave E full gate report; package scripts; no repository CI workflows
V51-212,213,Infrastructure & qualité,CI/CD,"Pipeline lint, typecheck, test, build.",Bloquer merge si échec.,☐,MVP/Plan D,Critique,Tous,BACKEND_PARTIAL,FRONTEND_PARTIAL,PARTIALLY_INTEGRATED,N/A,INTERNAL_ONLY,PARTIAL,CRITICAL,REQUIRED,Deployment providers; required CI checks; deterministic automated suites,HIGH,M,"Deploy integrations exist, but neither repository contains a committed CI workflow and API PRs expose no required check.",Platform hardening,NestJS/Mongo/Cloudinary/Render configuration and test suites,Next.js/Vercel application and Playwright suites,Wave E full gate report; package scripts; no repository CI workflows
V51-213,214,Infrastructure & qualité,Tests API unitaires,Maintenir tests services/controllers.,Coverage cible 80 %.,☐,MVP/Plan D,Critique,Tous,BACKEND_COMPLETE,N/A,N/A,API_E2E_ONLY,INTERNAL_ONLY,IMPLEMENTED,CRITICAL,BLOCKER,Deployment providers; required CI checks; deterministic automated suites,HIGH,N/A,None material for the v5.1 row as scoped.,Maintenance only,NestJS/Mongo/Cloudinary/Render configuration and test suites,Next.js/Vercel application and Playwright suites,Wave E full gate report; package scripts; no repository CI workflows
V51-214,215,Infrastructure & qualité,Tests intégration API,"Tester MongoDB, guards, routes.",Supertest + DB test.,☐,MVP/Plan D,Critique,Tous,BACKEND_COMPLETE,N/A,N/A,API_E2E_ONLY,INTERNAL_ONLY,IMPLEMENTED,CRITICAL,BLOCKER,Deployment providers; required CI checks; deterministic automated suites,HIGH,N/A,None material for the v5.1 row as scoped.,Maintenance only,NestJS/Mongo/Cloudinary/Render configuration and test suites,Next.js/Vercel application and Playwright suites,Wave E full gate report; package scripts; no repository CI workflows
V51-215,216,Infrastructure & qualité,Tests E2E Web,Tester parcours critiques.,Playwright.,☐,MVP/Plan D,Critique,Tous,N/A,N/A,N/A,E2E_COMPLETE,INTERNAL_ONLY,IMPLEMENTED,CRITICAL,BLOCKER,Deployment providers; required CI checks; deterministic automated suites,HIGH,N/A,None material for the v5.1 row as scoped.,Maintenance only,NestJS/Mongo/Cloudinary/Render configuration and test suites,Next.js/Vercel application and Playwright suites,Wave E full gate report; package scripts; no repository CI workflows
V51-216,217,Infrastructure & qualité,Tests Stripe webhook,Simuler webhook signé.,Raw body et idempotence.,☐,MVP/Plan D,Critique,Tous,BACKEND_COMPLETE,N/A,N/A,API_E2E_ONLY,INTERNAL_ONLY,IMPLEMENTED,HIGH,DESIRABLE,Deployment providers; required CI checks; deterministic automated suites,LOW,N/A,None material for the v5.1 row as scoped.,K — Payment Readiness,NestJS/Mongo/Cloudinary/Render configuration and test suites,Next.js/Vercel application and Playwright suites,Wave E full gate report; package scripts; no repository CI workflows
V51-217,218,Infrastructure & qualité,Tests concurrence billetterie,Détecter survente.,Requêtes parallèles.,☐,MVP/Plan D,Critique,Tous,BACKEND_COMPLETE,N/A,N/A,API_E2E_ONLY,INTERNAL_ONLY,IMPLEMENTED,CRITICAL,BLOCKER,Deployment providers; required CI checks; deterministic automated suites,HIGH,N/A,None material for the v5.1 row as scoped.,Maintenance only,NestJS/Mongo/Cloudinary/Render configuration and test suites,Next.js/Vercel application and Playwright suites,Wave E full gate report; package scripts; no repository CI workflows
V51-218,219,Infrastructure & qualité,Accessibilité WCAG,Audit a11y.,"Labels, aria, contraste.",☐,MVP/Plan D,Critique,Tous,N/A,FRONTEND_COMPLETE,N/A,E2E_COMPLETE,USER_ACCESSIBLE,IMPLEMENTED,CRITICAL,BLOCKER,Deployment providers; required CI checks; deterministic automated suites,HIGH,N/A,None material for the v5.1 row as scoped.,Maintenance only,NestJS/Mongo/Cloudinary/Render configuration and test suites,Next.js/Vercel application and Playwright suites,Wave E full gate report; package scripts; no repository CI workflows
V51-219,220,Infrastructure & qualité,SEO pages publiques,Metadata events/vendors/venues.,"OG, sitemap.",☐,MVP/Plan D,Critique,Tous,N/A,FRONTEND_PARTIAL,N/A,E2E_PARTIAL,USER_ACCESSIBLE,PARTIAL,CRITICAL,BLOCKER,Deployment providers; required CI checks; deterministic automated suites,HIGH,M,Metadata and sitemap exist on key public pages; coverage is not systematic across placeholders/locales.,Public launch readiness,NestJS/Mongo/Cloudinary/Render configuration and test suites,Next.js/Vercel application and Playwright suites,Wave E full gate report; package scripts; no repository CI workflows
V51-220,221,Infrastructure & qualité,Pages erreur,"404, 500, maintenance.",UX production.,☐,MVP/Plan D,Critique,Tous,N/A,FRONTEND_PARTIAL,N/A,E2E_PARTIAL,USER_ACCESSIBLE,PARTIAL,CRITICAL,BLOCKER,Deployment providers; required CI checks; deterministic automated suites,HIGH,M,"Dashboard and event detail error files exist, but global/public route coverage is incomplete.",Platform hardening,NestJS/Mongo/Cloudinary/Render configuration and test suites,Next.js/Vercel application and Playwright suites,Wave E full gate report; package scripts; no repository CI workflows
V51-221,222,IA - Foundation,Module AI NestJS,"Créer src/modules/ai avec providers, prompts, repositories et jobs BullMQ.","Implémenter ILLMProvider, OpenAI/AnthropicProvider, respecter DI et Repository Pattern.",☐,MVP,Critique,Backend,BACKEND_STUB,N/A,NOT_INTEGRATED,NO_TEST,INTERNAL_ONLY,PARTIAL,HIGH,DESIRABLE,AI product decision; callable use case; interaction/prompt schemas,LOW,M,NestJS AI module/controller/service exist only as empty shells.,AI roadmap decision,src/modules/ai is an empty module/controller/service shell; no interaction or prompt schemas,N/A,no AI foundation tests
V51-222,223,IA - Foundation,AIInteraction v2,"Tracer interactions IA, coûts, latence, feedback utilisateur.","Créer modèle Prisma avec status,errorMessage,costUsd,durationMs,userFeedback,indexes.",☐,MVP,Critique,Backend,BACKEND_ABSENT,FRONTEND_ABSENT,NOT_INTEGRATED,NO_TEST,NOT_ACCESSIBLE,ABSENT,HIGH,DESIRABLE,AI product decision; callable use case; interaction/prompt schemas,MEDIUM,L,No AIInteraction schema or persistence exists.,AI roadmap decision,src/modules/ai is an empty module/controller/service shell; no interaction or prompt schemas,N/A,no AI foundation tests
V51-223,224,IA - Foundation,AIPromptTemplate,Gestion des prompts versionnés FR/EN.,Stocker templates actifs par feature/version avec seeds initiaux.,☐,MVP,Haute,Backend,BACKEND_ABSENT,FRONTEND_ABSENT,NOT_INTEGRATED,NO_TEST,NOT_ACCESSIBLE,ABSENT,HIGH,DESIRABLE,AI product decision; callable use case; interaction/prompt schemas,MEDIUM,L,No prompt-template schema or repository exists.,AI roadmap decision,src/modules/ai is an empty module/controller/service shell; no interaction or prompt schemas,N/A,no AI foundation tests
V51-224,225,IA - Sécurité,AIInputGuardService,Protection des entrées envoyées aux LLM.,"Sanitize input, détecter prompt injection, anonymiser PII.",☐,MVP,Critique,Backend,BACKEND_ABSENT,FRONTEND_ABSENT,NOT_INTEGRATED,NO_TEST,NOT_ACCESSIBLE,ABSENT,HIGH,DESIRABLE,Callable AI boundary; input/output policy; rate-limit design,MEDIUM,L,No AI input guard exists.,AI roadmap decision,no AI input/output guard or AI-specific throttle on callable routes,N/A,no AI security tests
V51-225,226,IA - Sécurité,AIOutputValidatorService,Validation des sorties IA.,"Parser JSON, valider Zod schemas, filtrer données sensibles.",☐,MVP,Critique,Backend,BACKEND_ABSENT,FRONTEND_ABSENT,NOT_INTEGRATED,NO_TEST,NOT_ACCESSIBLE,ABSENT,HIGH,DESIRABLE,Callable AI boundary; input/output policy; rate-limit design,MEDIUM,L,No AI output validator exists.,AI roadmap decision,no AI input/output guard or AI-specific throttle on callable routes,N/A,no AI security tests
V51-226,227,IA - Sécurité,Rate limiting IA,Limiter consommation IA par utilisateur/offre.,"Utiliser Redis avec quotas par user, organization et feature.",☐,MVP,Haute,Backend,BACKEND_ABSENT,FRONTEND_ABSENT,NOT_INTEGRATED,NO_TEST,NOT_ACCESSIBLE,ABSENT,HIGH,DESIRABLE,Callable AI boundary; input/output policy; rate-limit design,MEDIUM,L,No callable AI route or AI-specific rate limit exists.,AI roadmap decision,no AI input/output guard or AI-specific throttle on callable routes,N/A,no AI security tests
V51-227,228,IA - Assistant Lite,Génération description événement,Assistant IA pour créer description publique optimisée.,Endpoint POST /ai/events/:id/description avec tracking AIInteraction.,☐,MVP,Haute,API/Web,BACKEND_ABSENT,FRONTEND_ABSENT,NOT_INTEGRATED,NO_TEST,NOT_ACCESSIBLE,ABSENT,HIGH,DESIRABLE,AI foundation and safety gates; provider selection,MEDIUM,L,No description-generation endpoint or UI exists.,AI roadmap decision,no callable AI endpoint,no AI generation controls,no tests
V51-228,229,IA - Assistant Lite,Génération tags événement,Créer automatiquement tags SEO événement.,"Endpoint POST /ai/events/:id/tags, retour tags validés.",☐,MVP,Moyenne,API/Web,BACKEND_ABSENT,FRONTEND_ABSENT,NOT_INTEGRATED,NO_TEST,NOT_ACCESSIBLE,ABSENT,MEDIUM,DESIRABLE,AI foundation and safety gates; provider selection,MEDIUM,L,No tag-generation endpoint or UI exists.,AI roadmap decision,no callable AI endpoint,no AI generation controls,no tests
V51-229,230,IA - Assistant Lite,Amélioration texte IA,Améliorer une description existante.,Endpoint POST /ai/events/:id/improve-text avec diff suggestion.,☐,MVP,Moyenne,API/Web,BACKEND_ABSENT,FRONTEND_ABSENT,NOT_INTEGRATED,NO_TEST,NOT_ACCESSIBLE,ABSENT,MEDIUM,DESIRABLE,AI foundation and safety gates; provider selection,MEDIUM,L,No AI text-improvement endpoint or UI exists.,AI roadmap decision,no callable AI endpoint,no AI generation controls,no tests
V51-230,231,IA - Analytics,Feedback génération IA,Mesurer acceptation des contenus générés.,PATCH /ai/interactions/:id/feedback ACCEPTED/REJECTED/EDITED.,☐,MVP,Haute,API/Web,BACKEND_ABSENT,FRONTEND_ABSENT,NOT_INTEGRATED,NO_TEST,NOT_ACCESSIBLE,ABSENT,HIGH,DESIRABLE,AI interaction/session persistence; privacy and retention decisions,MEDIUM,L,No generation-feedback model or UI exists.,AI roadmap decision,no AI feedback/session persistence,no AI feedback UI,no tests
V51-231,232,IA - Analytics,Session timing analytics,Mesurer temps économisé grâce à IA.,Créer POST /analytics/session-timing.,☐,MVP,Moyenne,API/Web,BACKEND_ABSENT,FRONTEND_ABSENT,NOT_INTEGRATED,NO_TEST,NOT_ACCESSIBLE,ABSENT,MEDIUM,DESIRABLE,AI interaction/session persistence; privacy and retention decisions,MEDIUM,L,No AI session timing analytics exists.,AI roadmap decision,no AI feedback/session persistence,no AI feedback UI,no tests
V51-232,233,Marketplace Matching,Business Priority Score,Ajouter pondération business au matching.,finalScore=compatibility*0.7+businessPriority*0.3.,☐,MVP,Haute,Backend,BACKEND_ABSENT,FRONTEND_ABSENT,NOT_INTEGRATED,NO_TEST,NOT_ACCESSIBLE,ABSENT,HIGH,DESIRABLE,Marketplace domain data quality; scoring policy and explainability,MEDIUM,L,No business-priority score exists.,AI roadmap decision,no scoring fields/services/cron,N/A,no tests
V51-233,234,Marketplace Matching,Vendor/Venue scoring fields,Préparer ranking marketplace.,"Ajouter subscriptionTier,responseRatePercent,profileCompletionPercent.",☐,MVP,Haute,Backend,BACKEND_ABSENT,FRONTEND_ABSENT,NOT_INTEGRATED,NO_TEST,NOT_ACCESSIBLE,ABSENT,HIGH,DESIRABLE,Marketplace domain data quality; scoring policy and explainability,MEDIUM,L,No vendor/venue AI scoring fields exist.,AI roadmap decision,no scoring fields/services/cron,N/A,no tests
V51-234,235,Marketplace Matching,Cron response rate,Calcul périodique fiabilité prestataires.,BullMQ job hebdomadaire recalculate-response-rates.,☐,MVP,Moyenne,Backend,BACKEND_ABSENT,FRONTEND_ABSENT,NOT_INTEGRATED,NO_TEST,NOT_ACCESSIBLE,ABSENT,MEDIUM,DESIRABLE,Marketplace domain data quality; scoring policy and explainability,MEDIUM,L,No response-rate scoring cron exists.,AI roadmap decision,no scoring fields/services/cron,N/A,no tests
V51-235,236,IA - Monitoring,Dashboard métriques IA,"Suivi coûts, tokens, adoption, erreurs.",Créer GET /admin/ai/metrics agrégé depuis AIInteraction.,☐,Phase 1.5,Haute,Backend,BACKEND_ABSENT,FRONTEND_ABSENT,NOT_INTEGRATED,NO_TEST,NOT_ACCESSIBLE,DEFERRED,HIGH,DESIRABLE,Callable AI workloads; metrics schema; observability provider,LOW,XL,Planned capability is deferred in the current product.,Phase 2 — AI,no AI metrics collector/dashboard,N/A,no tests
V51-236,237,IA - Copilot,Création événement par prompt libre,Créer événement complet depuis demande utilisateur.,POST /ai/events/draft avec checklist et suggestions.,☐,Phase 1.5,Haute,API/Web,BACKEND_ABSENT,FRONTEND_ABSENT,NOT_INTEGRATED,NO_TEST,NOT_ACCESSIBLE,DEFERRED,HIGH,DESIRABLE,AI foundation; safe tool orchestration; product approval,LOW,XL,Planned capability is deferred in the current product.,Phase 2 — AI,no prompt-driven orchestration,no copilot UI,no tests
V51-237,238,IA - Copilot,Matching prestataires IA,Recommander vendors selon contexte événement.,Combiner règles métier puis embeddings Phase 2.,☐,Phase 1.5,Haute,API/Web,BACKEND_ABSENT,FRONTEND_ABSENT,NOT_INTEGRATED,NO_TEST,NOT_ACCESSIBLE,DEFERRED,HIGH,DESIRABLE,AI foundation; safe tool orchestration; product approval,LOW,XL,Planned capability is deferred in the current product.,Phase 2 — AI,no prompt-driven orchestration,no copilot UI,no tests
V51-238,239,IA - Search,AIEmbedding flexible,Préparer recherche sémantique.,"Créer embeddingModel, dimensions, provider, migration pgvector.",☐,Phase 2,Moyenne,Backend,BACKEND_ABSENT,FRONTEND_ABSENT,NOT_INTEGRATED,NO_TEST,NOT_ACCESSIBLE,DEFERRED,MEDIUM,POST-MVP,Search product scope; embedding model/storage decision; privacy controls,LOW,XL,Planned capability is deferred in the current product.,Phase 2 — AI/Search,"no embedding model; runtime remains MongoDB/Mongoose, not pgvector",no semantic-search UI,no tests
V51-239,240,IA - Search,Semantic Search pgvector,Recherche intelligente events/vendors/venues.,Activer pgvector + index HNSW + BullMQ embeddings.,☐,Phase 2,Haute,API/Web,BACKEND_ABSENT,FRONTEND_ABSENT,NOT_INTEGRATED,NO_TEST,NOT_ACCESSIBLE,DEFERRED,HIGH,POST-MVP,Search product scope; embedding model/storage decision; privacy controls,LOW,XL,Planned capability is deferred in the current product.,Phase 2 — AI/Search,"no embedding model; runtime remains MongoDB/Mongoose, not pgvector",no semantic-search UI,no tests
V51-240,241,Qualité IA,Prompt Regression Tests,Tester stabilité prompts IA.,Créer tests/prompts fixtures snapshots schemas Zod CI.,☐,MVP,Haute,Tests,BACKEND_ABSENT,FRONTEND_ABSENT,NOT_INTEGRATED,NO_TEST,NOT_ACCESSIBLE,ABSENT,HIGH,DESIRABLE,Versioned prompts; deterministic evaluation set; AI provider test strategy,MEDIUM,L,No prompt regression suite exists.,AI roadmap decision,no prompt regression harness,N/A,no tests
